x1,x2,x3,x4,x5,x6,y
0.09636818945585696,0.07613831775020762,-1.0,-0.8161496034416053,0.07570789159401659,0.11182325184570552,-1.8005430544084169
0.3162084987422582,-0.5119909428207509,-1.0,-0.15155869962387336,-1.0,-1.0,2.2167836243418773
0.49749519033936385,-0.26933628300619306,-0.8866458617434309,0.9053751758688858,1.0,0.31031121401110423,-1.3527592459182154
1.0,0.121288754645416,0.09829489599498653,0.7608672700503267,1.0,0.8650798317445516,0.038472845517162235
-0.054435590466269224,-1.0,0.26755674149667374,-1.0,1.0,0.6138783594072985,-0.14061777436092895
0.013370812081227701,1.0,0.6747383286324771,1.0,-0.49422706052393256,-0.44714342828948545,0.2959295732061851
-0.8324628964632346,0.6690003423576423,-0.134262273685809,-1.0,-0.7484447372681398,-1.0,-0.7758752729199251
-1.0,0.31319370989337214,-0.7010056347356775,-1.0,-0.6902287386229992,0.9116645145640334,4.0481792770702345
-1.0,-1.0,-1.0,-1.0,-1.0,0.4177030406575913,-2.6694606978003814
-0.8255948415658336,0.4080637206063241,-0.8895973711762447,-0.2508693271450935,-0.5821112810938027,0.24123459839280786,-0.9089394085978197
-0.1675800718298126,-0.2087479684909827,-0.137468478767371,0.9457474831812726,-0.16850820727661234,0.16944605936048884,-0.6124397966427724
-1.0,0.4416387628287908,-1.0,-0.7129066711416168,0.310794452576171,1.0,9.659972358102019
1.0,1.0,-0.3158836246086951,0.3959351870645159,-0.6247695728029543,0.07891684389651121,3.048527900127938
-1.0,-0.5543631407971179,-0.10985760139827838,-0.18097656849434895,-0.6264551049182947,-0.602002379665034,-0.7558321413377107
-0.7544510892421524,-1.0,0.12552451731459305,0.27195295425604493,-1.0,0.48558586725615366,-1.615435590339416
-1.0,-0.029447563763328466,-0.20379170900744015,-1.0,-1.0,-0.6429447916352816,-0.1673199515753026
0.5096394800169335,0.055247882548223326,1.0,-0.7728334797381238,-1.0,0.12500136161651731,1.0460589086165772
1.0,0.16169898357795898,-0.18191971650598598,1.0,0.08942993987699399,0.2377462874184204,-0.24961513446459674
-1.0,-0.5609762246183054,-0.8693376345248345,0.7680414116422953,1.0,0.9689839958268474,8.090921832751198
0.40110149697800856,-0.969247588878386,0.5079854536633699,-1.0,0.3626133023485252,1.0,-1.6267839070057115
1.0,-1.0,-1.0,-0.8129417681678509,1.0,-0.4854851165638907,-5.846815602054959
-1.0,-0.6451689056931723,-0.44598935991647726,-1.0,-1.0,-1.0,2.0928594751998806
1.0,1.0,1.0,1.0,1.0,1.0,-9.109517209506732
-0.04473907813079325,-0.838894742327654,-1.0,-0.5324993670064413,-0.8485831543897425,-0.234979272407162,-1.4562920394395067
-1.0,-0.7728937000283622,-0.6109064474968039,-0.03604847843698733,-0.3251527874207921,1.0,1.5284141899478971
0.3444089030529085,-0.667906799603814,-0.34384688944543784,0.7341885011224196,0.7990449675237675,1.0,3.0837915203680697
1.0,-0.4524141500152368,1.0,0.4103054609406658,-0.13333004066189436,1.0,-1.5196717791196876
-0.6066032972649146,-0.8380594499702364,0.967541687792515,0.8083041426644901,-0.7037712449283887,-0.8679137678104143,0.43763239387265185
-0.19542228311867765,1.0,-0.3210859587752667,0.11541795506778219,0.30812633023202274,1.0,6.370521930949661
-0.510804784375984,-1.0,-0.5398057987755163,0.1102149767949756,0.8305725513285398,-0.6574989850653662,-0.221871281643641
-0.11718526222453246,1.0,1.0,0.5707234716620571,1.0,0.35324200528134286,-3.9117867137683686
0.32115415558498306,1.0,-0.1087147586285777,1.0,-0.9321673792725597,-1.0,6.3822465214293524
-0.6128338460329243,-0.1261616956442756,-0.5440066972169024,-0.4081190398104081,-0.20837472592281725,-0.070856407480685,0.013037504739041972
1.0,0.9187575069439613,-0.04152133492247545,-0.5989426501079083,0.1721861510487135,-0.15277406850601483,-0.3217544424091724
1.0,1.0,-0.34678324177303527,1.0,-1.0,0.8375781507917823,8.561642094929624
1.0,1.0,1.0,1.0,-0.7413833355688786,-1.0,6.725312695191923
0.02712975195778916,0.20252956983882264,0.20766356352908932,0.7834817684572204,-0.32888271464584323,-0.32397354851653903,-0.13523018985373264
-0.24179948889617275,0.5773956055674018,-0.6025875136500431,-1.0,-1.0,-0.11268245390607112,0.7741210197873665
0.7883031007180165,-0.16356050545925788,0.058639710118758126,-0.11651548855366667,0.485692973515819,0.6918045774233949,-0.12845362619634654
-1.0,0.1493607318698298,-0.9142627155349072,-1.0,-0.9220928188196829,-0.0748151927845615,-3.406550024434816
-0.19190047357552387,-0.7109102205657747,0.45786193023573024,-0.24147279738198346,0.4537644143198387,-0.40700747542248394,2.0037219362453427
0.6028766090529567,0.38515902010601555,0.8414737827020125,0.28741121144762016,-0.7055945544471892,1.0,1.9079152672200497
0.1243898320563519,1.0,-0.43087614748915204,1.0,-0.39668168148279126,-0.8271766736704435,4.559093938359786
-1.0,-0.41734570347871813,-0.9220677583445316,-0.9121159973595442,-0.30374892432251865,-0.17576825974197186,-2.3138506791343016
0.7288384018216414,1.0,1.0,1.0,-0.6075063744104184,1.0,-0.7487843341947336
-1.0,0.38930916067464577,1.0,-0.8768445523845234,-1.0,-0.43992611361072487,-2.236881783977119
-0.6892191526536948,-1.0,-1.0,-0.5954130918485829,-1.0,0.2661484233505427,-3.033454999751243
-0.23459579577651957,-0.04186601389520428,-1.0,-0.2596190177504638,-0.6535011757761477,0.17685174186433705,-0.2543446518633672
0.6000533113892046,1.0,1.0,0.7792387046477631,-0.2558093088548783,-1.0,1.194257322859518
-1.0,-1.0,-1.0,-1.0,0.4224453775647202,0.08839156986269803,-8.154579842726193
0.9251427051440885,-0.1253042498101551,-0.39817363686966034,-1.0,-1.0,-0.3050873048145766,4.4634589291770945
0.5412590820116029,-1.0,-0.24006639613336933,-0.994979998613408,-1.0,-0.9297511529725908,10.42380477009423
-1.0,-0.5546666874141961,0.3157986174694362,-0.8206937792438158,0.5289626849657585,0.542128267764632,0.2948886971480147
0.155351266690976,0.7078972514304295,-0.04474621975156867,-0.2010365576325267,1.0,1.0,4.351878462233693
0.561236114629571,1.0,1.0,1.0,0.8340000677390298,1.0,-6.6782784218785265
-0.05592750255244472,-0.9501359552617941,-1.0,-0.41366084489771127,0.7474166694128332,-0.523862647755441,-2.0030345240343697
0.32786539553738725,0.9835435323480763,0.9528217337930998,1.0,0.6303492609888192,0.4644906109522893,-6.829904771462821
-1.0,0.4107740902029119,-0.4671837414666782,0.5726635480092479,-0.2172364115898875,0.33145928065501523,-0.5762913058225478
-0.2868078631907752,0.048203757084321314,-0.027309173661398817,0.6554466754198787,1.0,1.0,5.50769201342112
0.8473547507259014,0.7946522739257267,-0.40230870551811926,1.0,0.581665854345386,0.8497181365437521,0.8856451078423242
-0.12916468607256182,1.0,-0.8206432052931865,-1.0,0.7416133674485661,0.3655523053311457,4.336876775910472
0.06591652419693794,1.0,1.0,1.0,-0.2068568940380211,-1.0,0.11254756190707213
1.0,1.0,1.0,0.4989181634280899,-1.0,-0.6143228467235771,3.9973297146488824
-1.0,-0.665492620890012,-0.6293311769998607,-0.8172479115157434,-0.21594572441302629,-0.0031316036343151943,-1.1003944841669775
-1.0,-0.7155294874887439,-0.9454055182475278,-1.0,-1.0,0.6923051037909905,-0.9019232257283812
-0.19333415390356462,0.9404863310386364,0.9597534228807654,0.6262454157874905,-0.9950993221028499,-1.0,-1.3575204469917952
0.9953401902678132,-0.8550821198663547,-0.352551547760404,0.23646401363396502,0.3595537381096314,0.21569431230257863,-1.8333509415063483
1.0,0.6430447081360959,1.0,-0.14852794049543072,0.7800412631089864,-0.6759771596629456,-3.7630801756128713
-0.8871188870643918,0.23845761752717232,-1.0,-0.10220328501556097,1.0,1.0,9.563339657168545
-0.5196225653386364,-1.0,-1.0,-0.43710138508998186,-1.0,0.807409938252348,-0.35172112215818596
1.0,-0.06630877333545651,0.29345883845318577,0.014593074236982528,1.0,-0.16339588965006369,-2.5595972401524825
0.8097642133337352,-0.3481937997009763,0.9620591631113566,-0.630802184977581,1.0,1.0,-5.962867562809085
-1.0,-1.0,-0.5213899335598419,0.02475116313357767,0.33229599906320106,-0.26341170746273823,-1.634917480759349
0.056344701964595734,-0.26087146151134355,1.0,-0.8144999247018246,0.4300872568369196,1.0,-3.0707117585912727
-0.46603656999193327,0.6511146803932462,0.12867240041243244,1.0,-1.0,0.4159950923145176,0.20687821509266913
0.4388852516622287,-1.0,0.06048079040711796,-0.915014730811638,0.6988398880624318,-0.5136516755028426,2.3790264760727644
0.3071093634338248,1.0,0.4015702202897504,1.0,-0.4245634005014062,-0.38704678246977975,1.6615491031952494
1.0,0.26377209307390803,-1.0,0.2690269049040395,-1.0,-0.3704677052793489,4.484599508209847
-0.8019376579347437,-1.0,0.013073943115053666,-0.16882030333628661,0.8625766143184495,1.0,2.446260346055684
-1.0,-0.9129143297560636,-0.2893606178604058,-1.0,0.3278672721376992,0.861824699999534,-2.792896364908374
-0.4109188565748673,1.0,-0.6987276215177245,-0.7318232508031002,-1.0,0.42693644505241424,3.6619552278717706
-1.0,-0.2879250870238881,-0.7057733071246937,-1.0,1.0,0.6410631469403074,3.6174447523939373
1.0,0.010003494518566525,0.29646624541151484,0.20017372619483487,0.5677606497557417,0.7282948847259523,-1.5178444328033291
1.0,1.0,0.5129323025469155,1.0,-1.0,-0.3634940943079723,6.6640532112584605
-0.3014760070800083,-1.0,-0.4382238765821064,-1.0,0.5017687127016421,0.7863549664992311,-1.2621075803920938
-1.0,-0.7390981065069937,0.07828155183952568,0.674668510414882,-0.2770369676256126,1.0,0.19435700194459465
1.0,1.0,0.6015803976075123,1.0,1.0,0.39597720881956566,-6.43986982307886
-1.0,-1.0,-1.0,-0.3394165668510947,-0.026219238230155227,1.0,1.6586314364608683
-0.3646200590919594,-1.0,-1.0,-1.0,-1.0,-1.0,5.097641924819648
1.0,0.7434898265056651,0.5339453194564079,1.0,1.0,0.45129377677352056,-4.834644488536299
-1.0,-1.0,0.29383488087777065,0.13279555972594254,0.7193265353995388,0.9788126606373614,2.318719124049319
-1.0,-0.034222403827735004,-0.5677346722605117,-1.0,1.0,0.5665928850751787,4.8639086195513555
0.02785561074718837,-0.12252732021404997,-1.0,0.5080381097175497,-0.0553570878469658,-1.0,3.1254246741952487
-1.0,-0.37400476909109326,-0.5972034214889974,-1.0,1.0,1.0,6.819272835781686
1.0,-0.10208820858180812,-0.24222988661605063,0.30250662781638754,1.0,-0.6201622923003152,-1.8712228983405956
-1.0,-1.0,-0.506200140468334,-1.0,-0.4576732812259301,-0.4094437651476923,-1.1555554494052398
-0.18423077718875813,-1.0,-0.3933200649982431,-0.06572898156875762,-0.8468789692255025,-0.21727653729421276,-0.49949708959919237
0.36088550773741884,0.3957449612546305,0.8296832251692577,0.14467062622200358,1.0,1.0,0.2755653117218918
-1.0,-0.3959962900112046,-1.0,-1.0,1.0,0.8150655403137682,2.4543082694922704
0.9143409771946613,0.5801492160886623,1.0,0.0903005554548652,1.0,0.4687192934978166,-3.2711183545418328
0.03602432895376617,-0.9672391186217724,-1.0,0.5307191812367107,-1.0,0.7065991506587271,1.2022298526366069
-1.0,-0.7841763847350585,0.2185451610763306,-1.0,-0.4552837891204917,-1.0,3.594898365776574
-0.22617735591231725,-1.0,0.5409070898922991,0.4688184429490188,0.1565654938197687,-0.6575394991204522,2.7972129404722956
0.7581207905233386,0.2839347301968336,0.6816270227215717,0.6823748473217077,1.0,-0.20394190827493142,-1.6947904383176482
1.0,0.3457179791879551,0.8792727507987125,-0.8275659542015406,0.10260784673731438,-1.0,3.2711517233563554
1.0,0.3224631444951753,1.0,0.9753086933225552,-0.7355840683375252,1.0,0.8573313169291024
-0.7521875799670019,-0.49857823186556205,-0.9138168259632407,-0.922666198368288,-0.8929883053142085,-0.7538058335089252,1.3532348954825253
0.7291936049249308,0.38553921738185526,-0.5548523999684678,-0.22364484366579873,-0.5076331587938941,1.0,5.3927877729087905
0.8344052189927935,1.0,1.0,-0.16041257649480595,-1.0,-0.0024634637499520856,-0.016013344500103235
1.0,0.41559472493196337,1.0,1.0,1.0,-1.0,-4.614633376430556
0.9720369858842605,0.6683151375224754,0.3901931751731774,0.41385668820965293,0.42660540689921167,-0.78574325968898,1.1248782013466496
0.7801373544156862,1.0,0.9025609955475452,0.7440706430052046,0.502825267384197,-0.4404987369473162,-4.145961280608906
-1.0,-0.13838959086382507,-0.6060877207131394,-0.5801260917580942,-1.0,-0.43693781230935835,-1.63931933009192
0.33883135615715665,-0.6481581298908707,-0.4484320924382358,-0.08164377229247183,0.7467944933125759,0.5174558176900871,-0.7523021025857041
-1.0,-0.9017476818477749,-1.0,-1.0,-0.781505312489458,-0.6958653039289524,1.0650383054629176
0.7823425287642191,1.0,-0.1409956491053767,0.10928968106110448,-0.08899930030964276,0.8536333357100616,3.260082249818008
1.0,1.0,0.7021313842683866,0.9691677033366342,-1.0,-0.822396864617599,8.449540492007676
0.5645084293415095,-0.11528699921299387,0.13787065706606494,-0.18223292705473831,-0.6324836888019172,1.0,4.568849109733194
0.7900527685859187,0.2514557186061199,0.1869095966744671,-0.4982744090344006,-0.19329955117021036,-1.0,4.275003773125139
1.0,0.3449537234371245,0.33778915521434905,0.01599712162756961,-0.06586865071384018,-0.9969336401182902,5.2215049305152315
-0.4141154541452873,-0.7351271921610116,-0.7365463406446185,-1.0,0.3629516586990706,-0.15098475469864636,-0.5379819400534924
-0.7042143389889892,0.5345908760989111,0.9340083868273987,-0.45802089126867873,-0.12463479145755074,1.0,-0.8801923664752582
-1.0,-1.0,-0.36204875087394583,-1.0,-0.03270278485941591,-0.12324576540486781,-3.319256191009768
-0.5707387163334299,0.10198516604854169,-1.0,-1.0,-1.0,-1.0,0.28041030427135555
0.5163619398945845,0.356825920808988,-1.0,0.4796908578787631,0.48027844889659,-1.0,0.7846800659529183
-0.36161969267687794,0.3936788644631014,-0.4427559398297947,-1.0,-0.04546649344502751,-1.0,0.7120137838973806
-1.0,-0.2194484472168896,-0.7350418343685425,-1.0,1.0,0.2309648610896462,1.0991897153154102
-0.46971973924332855,-0.4332488467476765,-0.13920113418808855,-1.0,0.33268089778137233,0.001070390039835889,0.13252790695367256
1.0,0.7923679084357462,-1.0,1.0,-0.5103237943395331,-0.7011133157547579,4.586960707523318
0.9712139911184485,0.16745605403482822,0.16061782731249896,0.35311770518713664,-0.28560132663981663,-1.0,6.25212835723956
1.0,1.0,0.8273855322462407,0.7932974898394933,-0.3402091486641864,-0.975451607761033,5.021253822286058
0.9477337902356311,-0.373120320600309,-0.09302653411455014,-0.7882810803137357,-1.0,-0.02490291239937026,3.803391471340819
-0.42755240951135676,-0.524188686020828,0.17439390895424045,-0.4567955513725322,-1.0,1.0,2.1008479597978598
0.6566438613240398,-0.5572138330682919,0.5184256081826124,0.08828477293883336,-0.4153159975716936,-1.0,6.288330751313744
1.0,0.470041943102836,-0.4994718809709139,0.2575846177204018,0.8499697883472385,-0.8813459092011335,-1.4784098981129252
0.8615930982003909,-0.3414847888318268,0.8119262164223551,0.13336986259961642,-1.0,-0.4179594008451848,5.103910248721203
0.13754586756418868,-0.6049911228698179,-1.0,-0.616130883885268,1.0,0.6669243793517563,-0.4363865099338506
-1.0,-0.10321706706426692,-0.448265795905912,-1.0,-0.15768709990972496,1.0,1.6599312181750747
1.0,1.0,0.06468734501818482,0.6427407694164372,0.5131896592567835,-0.678691072370306,1.1099591758397542
1.0,1.0,0.03724605966428318,-0.6691687895151446,-0.7849474549824118,-0.9574935835705557,6.162261148382128
0.33387991893240815,-1.0,0.9133968317568335,-0.31583568257096056,1.0,0.13184730337230377,0.8803611672975036
0.8947078750653604,-0.10043592089081854,0.5319806270896125,0.8497932149448367,-0.36663327974294324,-1.0,5.69186011779895
-0.22791657977529967,-0.17164357513504358,-0.46131324166532467,0.2036542815015442,-0.9044943782265923,-0.527868651029094,-1.649629658869716
-1.0,-1.0,-0.8170744021553913,-1.0,-1.0,-1.0,4.795545857551492
0.2934410361088132,0.5634903462054659,0.13790685642803524,0.963994613284042,-1.0,0.6190290007332766,1.9919175209083355
-0.7083124484582719,-0.480442245369453,-1.0,-1.0,-0.25331658978892535,-1.0,4.522941279067428
0.967245049230288,0.6363028801007722,0.30283286723715985,-0.3903560095157763,-0.9830337108251057,1.0,8.071256549358713
-0.7070343055024685,-1.0,-0.7976540562880934,-1.0,-0.47498431494052606,0.5691760485859844,-3.173531386846829
-0.983310612272623,0.1239206671244944,0.505428544343528,0.11771927496901313,0.6268905668904681,-0.2101839706479709,1.47991213959597
-0.7688980136279302,-0.5623639383666343,-1.0,-0.7856232487249527,0.2139022990347753,-1.0,5.846599985674132
1.0,1.0,0.6981334308515674,0.7447434705914686,1.0,-0.30545656165560353,-4.496651302468511
0.7084154828563625,1.0,0.3527762353729098,1.0,0.6493768944847687,0.3782810900560701,-2.3933098209754124
0.1542577561599353,1.0,-0.14166863675218216,1.0,-0.03211651462690546,-1.0,3.299832795024334
-1.0,-1.0,-0.1675236847410171,-1.0,-0.4232422340831068,-1.0,5.10475795347129
-0.8729563515200102,-0.7851417557495194,-0.42265531778707577,-0.4265131423163294,1.0,0.2118256707104172,1.5613809408174708
-0.5761205607386487,-0.5398406886716447,-1.0,-0.8691640263282332,-0.09383155561458456,-1.0,3.986489156831656
-1.0,0.1495674505186375,-0.040021309898950586,0.5751459070758878,0.5968740076568545,-0.15089413926341472,2.2526241323492817
0.7750691940686332,1.0,0.2430057334127418,0.2712796403298159,-1.0,0.6416497043704227,4.356692224054096
-0.8904598010230071,-0.3672439753229738,-0.4260821931777701,0.589778344579028,0.6862788759605183,-0.6858226976289924,2.6016925780104163
0.7994335147864053,0.18107233788678512,0.757750487352794,-0.33062275221927107,1.0,-0.2935364305892699,-1.8067918298883228
-0.592627878454679,-0.7824918130921562,-0.7769020764533111,-0.26355062702748533,1.0,1.0,4.332121263296362
0.6551176825503802,1.0,1.0,1.0,-0.794022691130354,-1.0,4.630728473487695
0.45713105302083157,-0.1564349949732965,-1.0,-1.0,-1.0,-1.0,4.829092143994657
-0.2938884801399329,-0.6168613047971581,-0.29513203919670317,-0.26507015368919573,1.0,-0.6022180189520012,1.0915024933022761
-1.0,-0.6295291389392802,0.09728341487574066,0.9059015159846261,1.0,1.0,5.764547365539591
-1.0,-0.8304132811899574,-0.2410136315260456,-1.0,-0.48270991599965374,-0.11762235112825253,-0.9069226124982528
-1.0,0.43385447711510605,-0.8584789051703586,-0.10365411761654625,1.0,1.0,10.104311684729204
0.09477280551590628,0.8941664309825446,1.0,1.0,-0.5931461591880853,-1.0,1.9280925321244922
-1.0,-1.0,-1.0,-1.0,1.0,-0.4303368681796045,-5.8951071393631
-0.31965244016135685,0.20560687598553745,0.20602292118603083,-0.037154539192926606,1.0,0.09261240903976353,0.8781286993756748
-1.0,-1.0,-0.5102570407465128,-0.2903447624874518,-0.14007075510094763,1.0,-0.3285744413693641
-0.14060804248767556,-0.7000320370741289,-1.0,-0.8370355290765938,1.0,0.5526974407752706,-1.4426762067040788
0.4179543997477522,-1.0,-0.9611498596592463,0.05225017976795643,0.6607948561570782,-0.08214558664442062,-2.223514012157512
-0.7469278097478551,-1.0,-1.0,-0.5136401161501543,-0.7772161536494278,0.7408461346480872,-2.7920235836570475
-0.9686641217949612,-1.0,-1.0,-1.0,0.05168742521164327,0.3863179785945752,-7.637312243190441
-1.0,-0.47032626922964105,0.008143811085440211,-1.0,0.6342707385120817,-1.0,8.683939862298471
0.522983442693826,-0.6848182156021785,0.3924216880839124,0.18139436196543635,-0.050817121991783676,-0.8553806060347611,4.170161553415683
-0.29138941686250064,1.0,0.8964599644522391,-0.04322890998874129,-0.13217539246806553,-0.6814775393639976,-0.4996448155358151
-0.01516973738898364,-0.5990618277976008,-0.001261974732708837,-0.30112972779569747,-0.5919964468480362,1.0,2.554120781539937
0.19361357326156403,1.0,0.1373016193213007,-0.0074629724794708086,0.32120974330523744,-1.0,0.35163331203960047
0.9969189818767858,1.0,0.8046260917111427,1.0,0.3679095020042188,1.0,-5.583442480172657
0.7931321466655461,-0.33244169580278266,1.0,1.0,-0.32838621302888216,1.0,-0.26822922039846864
-0.15015879118872144,-0.42236545821480664,-0.8090451681358961,-1.0,0.424759941971962,-0.9975709114906761,4.586224138399062
0.4965130820325562,1.0,-0.3294691827863937,0.5821341842769617,-0.0899346909320754,0.5669269678305311,2.50769164177799
1.0,-0.44638214967599205,0.28406225803002316,1.0,-0.002935920403443315,-0.6936083228491728,2.943830538810492
-0.12622834293522622,-0.11596020706126456,1.0,0.8323566006601828,0.02219895298196299,1.0,-2.6541454297646125
0.7227408668044509,-0.1479947795793872,-1.0,0.28368499124994107,-0.9475399106416071,-1.0,4.579004245295883
0.11835390739202106,0.3071944075309902,-1.0,-0.5317935316045856,1.0,0.27268723572368114,-0.018299125110722847
0.45465503073215996,0.07860094062436462,1.0,1.0,-0.21423647746788532,0.08963055380773724,-0.9966100808187737
1.0,1.0,0.8989643422460258,1.0,-0.8973050287573773,-0.35310494493265515,4.528583877705574
1.0,-0.13353983247537238,0.2074696709641184,-0.4294477889423366,-1.0,-1.0,8.16572310554856
0.29545801119015525,1.0,0.953733317928495,1.0,-0.6354596785349367,-1.0,2.617818276433884
0.4579083366644973,-0.30526129321879275,0.18736118084479883,0.4586033219433018,-0.23440146695635317,-0.23061238705343268,1.1812304087236918
0.14312171582940936,1.0,1.0,0.3157882464977023,0.016982689133679396,-0.2742255048089406,-2.1971506957996096
1.0,1.0,0.7064244803017143,-0.06212973326700166,0.6017916496267453,1.0,-2.0034020160545603
-0.33160371464169497,1.0,1.0,0.5283581829266957,0.12746796035086622,-0.7711938398131291,-1.04468657774693
0.23475512519223396,1.0,1.0,0.7957331226982518,-0.4010846947237232,-1.0,0.5053171440765432
0.6820618342159658,0.10047509244726927,-0.19848354384995692,-0.014287251204923024,-0.35771303554045586,-1.0,3.1853079142012617
1.0,0.710354314645349,0.977167461767944,1.0,0.40913931944538307,1.0,-5.974866528064514
-0.21430683248619975,-1.0,-1.0,0.2243163822093062,-1.0,-0.9201110470831881,-0.28064765546242554
0.5852610519144694,1.0,0.1351165200727671,1.0,-1.0,0.2602863332537759,5.5203948468726
0.1690665813748501,1.0,-0.15067751147676922,0.2748839727073167,-0.9215102163380069,0.40170993725888365,2.1226152189654903
0.9208610882107493,0.8589215487247122,0.8525778758412577,0.41360937200253156,0.5009343194394567,-0.9346252403697877,-0.12875927270481902
-0.6086282227613412,0.5408865003772444,0.339185878901859,-0.9032790493599011,-1.0,1.0,4.210367981941644
-0.6574857034433375,-0.9903495955471304,-1.0,-1.0,0.44929759856957696,-1.0,2.814692848537307
-0.33290127982512796,-0.8518255081879549,0.2724486212319874,-0.6682881204511151,-0.1403880992109412,-1.0,5.530854229902997
1.0,0.05419023846184362,-0.44990087479646884,-0.6208138059168424,1.0,-0.3301597312696469,-2.496244984885207
-0.5813518137329476,-1.0,-0.5810234931857499,-1.0,0.47439410531615345,1.0,-1.7957503091285454
1.0,1.0,1.0,0.1774830752629853,0.026626039729206186,0.11999394035326882,-1.9656089182945893
0.1766066926625217,0.6687352394685946,0.19059914441562775,0.9630226008234256,0.7294013237657633,1.0,2.776333535925818
-0.16811346703997831,0.41699342763911007,0.0919229281936006,1.0,-0.3023617339212069,-0.2742419241123799,0.3269261650026383
-0.8450916328713667,0.4131408042296846,-0.19534972985249022,1.0,0.3346120050725604,0.42447322574688096,0.58355398547718
1.0,0.9577629693377863,1.0,1.0,-0.1825386143531903,0.7924649671048944,-3.177146259497402
1.0,1.0,1.0,0.5022728866290849,0.6849443950920414,0.10513004539197168,-5.292550887787252
0.04829855760727875,-1.0,0.666274704506951,0.28740398329842987,-1.0,0.1294470863328986,1.3725936572458184
0.1460024875861296,-0.4100100382180458,-1.0,-1.0,-0.30988816845797795,0.11221920780324941,-0.4288895459705631
0.8320830448527186,0.5766125594302609,-1.0,0.2049088566182472,0.23430170391446564,-1.0,1.2083564498692225
-0.9736277860071635,-0.08553514849572819,-1.0,-1.0,-1.0,-0.6539249015271884,-1.5124738900220622
-0.012427246072765408,0.044253023085717325,0.7052066042041091,-0.05854708027992289,-0.5619833760897432,-0.7682515720482632,1.543794203317981
-0.19387374419810322,-1.0,-0.2588715814665057,-1.0,-0.0629279255231443,0.022006285867631134,-1.3621158456510427
0.6519861577509918,0.20974218694871827,0.6954466063954976,1.0,0.34479616674768565,0.3598279406286913,-1.2774344741754988
0.210850409559903,-0.2818371664663746,0.21753202450014353,-0.16005985904361808,-0.029121707932583396,0.434936375995049,-0.2389546394909826
0.7005784564478197,0.6558790807334305,-0.05975192509867881,0.1223610229009584,-0.17179392699056728,-0.4177288354937623,1.990383094123471
0.46079957466349264,-0.42762844188903926,-0.803193094774657,-0.6666724243586355,-1.0,-1.0,4.130800099481052
0.8413010555847835,1.0,-0.7142516196273978,-0.0488774683307972,0.39501296054804963,0.24555411576033595,2.306937913438161
0.13337825890569577,1.0,1.0,0.8151634678486861,0.7889579370527455,0.9846154003350748,-5.137563228996786
1.0,1.0,0.11837494257022418,0.6992685501500538,0.2472858092361323,1.0,1.521022454574386
-0.3876662180234043,-1.0,-0.748278629918113,0.263427076055823,1.0,1.0,4.060472278457551
-0.2774966291116012,-0.6652596471086937,-0.8397945843614993,-1.0,-0.18295487474858896,-0.20553248140520583,-0.62807885131183
-0.18923946930595792,0.23710794610576935,-1.0,-1.0,-1.0,-0.752590948393963,-1.758326660917035
-1.0,-0.8500088315533607,-0.6427176538524737,-0.9080790758623934,-1.0,-0.08723857196108598,-0.3649458136669984
0.5532517823668083,0.8886396188804977,0.4218079971317532,-0.7096185624423983,0.2751883726927846,-0.35228926133041294,-1.8193861284544006
0.5783644612212389,0.05739209174813631,-1.0,-1.0,-1.0,-0.7636158832116623,1.5879566970232024
-0.29411129806772685,-0.47924342481038207,0.04426266452410975,-0.6822757735761583,0.8926959634474508,-0.3242553449921197,2.4298022937785357
-0.5021296000184889,-0.5706358640384427,-0.170097538468432,-1.0,0.18957321744414785,0.7782685385177939,0.13341443629346939
-0.3207119076803735,0.14944590132507685,-0.18912953603376859,-1.0,1.0,0.7732171922298349,5.66835792905113
-0.6275441293710691,-0.20031583619938242,-0.010473927287213136,-1.0,-1.0,0.670000326705786,0.8975008509485043
-0.8822499187809909,0.8676142055081193,-0.49584418056497,0.013938190904904113,-0.6529420565678192,-0.4938895632899183,-0.6903724370625712
0.17808918308139465,1.0,0.6574198743705195,-0.6762412154280177,0.5681919350803846,-0.94252425574356,-2.104955231946213
-1.0,-1.0,-0.04348179616133499,-0.09487194603187987,-0.636272647964659,-1.0,1.9163467104224472
1.0,0.2636123009503144,1.0,0.24397973589514566,0.5970553630534945,-0.056648825854762164,-1.8619842191464875
-1.0,-0.10349471299902535,-0.48093479479699,-0.3092494618726839,-0.79168448599486,-1.0,-0.005301995784087937
-0.1712803089481882,0.10772827129841905,0.017813816280976835,-1.0,-1.0,0.4250577624041054,2.205461131472539
-0.5640432505362065,-1.0,-0.6469441693108673,-1.0,0.5360131156610058,-0.47503601369964493,-1.5480546243499482
0.18716817124572094,-1.0,0.991902824844659,1.0,-0.8301620895178013,0.0029572250258179666,3.7273123033879614
0.24664256423752184,-0.09861052188885289,1.0,1.0,0.1790190194138893,0.7620626757544763,-2.1467082354222944
0.6006591865460349,0.9638537973222758,1.0,0.7609084735982561,-0.9786296382143221,-0.07940877867992846,0.7508295454911349
-0.013443637807382558,-0.6561024010805458,-0.12353498805178154,-0.5223575430164928,-1.0,-0.9623382089657315,3.803944386960032
-0.5426357567885696,0.226484023389314,-0.47882845875076285,0.3114375578630981,0.11948251873693727,0.22907631589239363,0.21468459579895913
-1.0,-1.0,-1.0,-1.0,0.45167928225775344,-0.36109833552345666,-5.996732786686052
1.0,1.0,1.0,1.0,-0.5426703678862642,0.15466868590039573,0.3645231275746691
-1.0,-0.7007449603070822,-0.815474984646364,-1.0,-0.35043660341520066,-0.7348520802545857,-0.37138761484444816
1.0,1.0,0.20627577766121363,-0.28022545307177316,-0.5648774607561924,-0.37828860811644827,1.7348123427526014
0.1055108807380879,-0.44972429446240825,0.42988797074728136,-0.299422681119903,-0.3057009782878114,-0.7359382550595263,3.3506912018836794
1.0,1.0,0.3830963878062372,1.0,-1.0,-0.5878104739602356,7.398253034596742
1.0,0.42436702452126396,-0.04244581862055338,-0.6520598505254503,0.7822308731032106,-0.2091547251562404,-0.9395886254433478
-0.4337414119813878,-0.4199752478837715,0.48306750676810833,0.2305192879954227,1.0,1.0,3.506403594651224
-1.0,0.36143967577069275,-1.0,-1.0,-1.0,-0.19024460029144508,-2.281644069657194
0.560296650484239,1.0,0.7873871493418643,0.9356817141097542,1.0,1.0,-4.138613670680773
0.7457777496874687,0.9419018168772517,0.517858181798471,0.5231073345495227,-0.4587123365910376,-0.9811563240714943,5.386560824447465
0.32121395333940067,-1.0,-0.6353450364615003,0.11855748317775197,0.03686982172141168,0.15482221584192207,-1.7076421910989639
0.4442787353668055,0.91494697231743,-0.2678691688113286,-1.0,0.0885101766331684,0.7320069320684145,4.047312976991887
-0.1718529252446993,1.0,0.39827256083940277,-0.06659576981394788,-0.3882722780814172,-0.5995432101208223,-0.7174325416803125
-0.3452619736152587,-0.4197455014540472,-0.7019272934049265,-1.0,-0.09247134971172766,1.0,3.1301596270874117
0.5700058669356196,-0.26172024006409644,-0.6003749091859151,-1.0,-0.3193538213888506,1.0,4.7107897669152115
-1.0,-0.2080602423508484,-0.6666642605848342,-1.0,0.56105295025379,0.4242025064371391,1.1200692936805632
-0.20149237929404162,-0.8300666064158443,-1.0,-1.0,-0.4953220239113422,1.0,2.76765782823402
-0.2683340710903227,0.8288842417246621,0.8679715166612222,-1.0,-0.4095368507949119,-0.7366228458672751,-2.9666368089644495
-1.0,0.29263209718063354,-0.42588415289466264,-0.026290915713843205,-0.35479853158296976,0.7655688300018298,0.8765177482695344
-0.15142646710579533,0.2942598335970239,-1.0,0.7812802424027798,-0.3079847388769288,-0.6178209938063421,-0.02807147891256582
-0.9734110266263729,-0.6824639535378001,-0.195936027514652,-0.7029991632989716,0.10548466114901467,-1.0,5.35184012650997
0.3778646648209303,-0.4176353561843589,0.6421188595126429,1.0,1.0,1.0,1.1966848226054294
1.0,-0.6525732791632113,-1.0,-1.0,-0.37431294924270836,-0.39808981975721813,2.5596077884243313
0.8762142770658146,0.2530923391310509,0.10993315532742375,0.5530921685649172,-0.04409583333933392,0.3420949224559556,0.5313934852286588
0.3162535446140567,1.0,0.5425147941542101,1.0,-0.5035741361121637,-0.49633711738924413,1.7958114937180243
-0.2433960470024883,0.1885046307042088,1.0,-0.23860773662513896,-0.9873196321144367,-0.3747199594550613,-2.2797535906634208
-0.15515672876827535,-0.7960900917256893,0.6187514070864165,-0.8747837446116701,0.5962216014405479,0.32727740952454165,-0.6017208196771083
-1.0,-1.0,-0.7492054074089796,-1.0,0.6535248397073756,1.0,-1.589333397034322
-0.25148870758606523,0.37300988834887994,-1.0,-1.0,0.6396574369182777,1.0,8.141368956834576
-0.5933584187405947,-0.8088099471213613,-0.463142968675852,-0.7444117021481391,-1.0,-0.551187045955059,1.8699712472858645
0.3567478327313489,-0.20698668094233957,0.6428594191389512,-0.4087356237095622,-1.0,-1.0,3.682522928302842
0.33554596056455355,0.7241870499193961,1.0,0.9656498626034711,0.05712950226827842,-0.7513643219048852,-0.008679551735198826
0.6936983929503844,0.9371184491964957,1.0,0.9684969702580057,-1.0,-1.0,5.309578990331058
0.3363782432668232,1.0,0.3980271753573261,0.27063625868165553,-1.0,-0.6416160442603638,0.9889559860547247
0.08090186970676516,0.31317244872501987,0.3990442652667783,-1.0,0.7058511224509025,0.8675324760639063,2.137727531490724
-1.0,0.3576881920211094,0.7201534760058984,-0.25487405383466344,-0.8028672801390402,-0.9062041718211206,-2.4578805851606274
1.0,0.8250065256175378,-0.2685087858002717,0.8867764297204141,-0.1749547866612129,-1.0,6.398765054057958
0.24808999581797087,0.486798674486277,-0.4086799031029746,1.0,0.2677579280046206,0.21552684743458717,-0.6546008814322997
-0.9414391419711539,-1.0,-0.07745773806827655,-0.5658156961945273,-1.0,-0.34025018767615833,0.2781990361516905
0.5520321863382642,-0.8297439581668156,0.5018694587002845,-0.09994095049626084,-0.3846304836346486,-0.6941917162218318,4.552280579303776
0.9310709798250139,0.09233224559037057,0.8309600343045827,1.0,-1.0,-0.2935592537213024,4.518897916332988
-0.35576510406387296,0.8994975692914389,-0.7678777376854473,0.4763815566232519,-0.7038628413275894,-0.49920116600019926,1.3526317056386203
1.0,1.0,1.0,0.09588499386405713,0.36834893745140806,0.3056645684467237,-4.264535730078587
-0.15170276952248374,-0.10407701145936654,-0.7067135604739725,-0.7107972520087978,1.0,1.0,5.518723185755403
-0.3861573317345524,0.03664073426251557,1.0,-0.178258587079911,0.3546380036853596,1.0,-2.16583639990647
-1.0,-0.4704590452523396,-0.4035108482314458,-0.00014349147746339774,-0.9870760770771665,-1.0,-0.4367678589860419
1.0,0.09205658014344564,0.7103575641507168,0.020382434722453602,0.13370106054096131,-0.023994641554433427,0.026499160127715055
0.0888544178932395,0.5094966837478494,-0.5656461889846345,0.374251188805555,1.0,-0.08247372176828127,0.622054205400651
0.8750362105555582,0.35375133920274204,1.0,0.8389759182977006,-0.034832435483704655,-0.7623497931042154,1.659706302454185
1.0,0.1423330050128504,0.5936101653310241,-1.0,-1.0,-0.16309487010145007,4.5722018917278024
-0.6461031461608506,-0.4320551191853799,-0.2776667474669563,1.0,-0.09260461783259522,-0.025664422747430526,-0.8334527154818515
0.04615851857707787,-0.15474988990599237,0.48181733850453523,0.8417179384288235,-1.0,-0.5696641141152943,1.78919860555248
-0.9724291032902832,-1.0,-0.6234503958058686,-0.96506621097071,0.36778825857469094,0.5090622138789155,-4.340514128937845
1.0,0.9728296169849051,1.0,1.0,0.30818428673301695,-1.0,-0.3960713968506291
1.0,-0.5171324208667547,-0.31772259615100507,-0.4993090272773302,0.5342257601551854,0.6850901760473229,-1.872900684234055
-0.426281740822014,1.0,-0.4212057727587962,-0.5838164007952467,-1.0,-1.0,-1.4900199772482812
1.0,0.3496981375629885,-0.09471389547970865,1.0,1.0,0.20064019921594958,-2.774976637286229
1.0,0.17083787367756043,0.6745068448250908,0.7047205834879204,-0.47645172210849496,-0.3131781478020211,2.149716824010815
0.8930118646743982,-0.16159127242851778,0.6446308980846044,0.07415715721661648,1.0,0.5755877008168429,-2.9008478615671462
-0.6241198006302322,0.843238137974186,0.3691079292540158,0.2345715720381522,1.0,0.6015892551492465,1.0568533409173337
-0.7978448041095391,0.6281938455827978,-1.0,-1.0,-0.968170212422151,-0.8841538680829766,0.46064338951842265
-1.0,-1.0,-1.0,0.715381818202572,-0.5189392589022265,-1.0,-0.4178005870391609
-0.6582169837007843,-0.3832509912079069,-0.18178201926068477,-0.4846230483326202,-1.0,-0.37585458997751653,-0.05163472730555968
0.7456192227127878,0.3885041409691228,1.0,0.5528755919680501,0.7842376963473301,0.7528768839012567,-3.9105896124507207
1.0,-0.5217929635037794,1.0,0.5592176552926172,-0.16724884999294404,-0.6700944103064698,2.592740760357065
0.00908735267062899,1.0,0.7867455169709927,1.0,-1.0,0.13258428310894765,-1.451938368068256
0.7605577799412357,-0.4395419417699228,0.45088655271846356,-1.0,0.372661630358524,0.02001995895667598,-0.7600089071747906
-0.01865532532428993,-0.2415194135293757,0.6310870678323642,-0.3290440184210413,-0.5715401121096451,0.4514596772378754,0.6249704994019207
-1.0,-0.8036828782060554,-0.376591831764458,-1.0,-0.4675828120288792,-1.0,3.9025923848118365
1.0,1.0,0.20050810399593955,1.0,1.0,-0.7105862811940252,-0.6968411627448339
0.2187737635406416,0.283182776073017,-0.312767886910871,-0.7716618606762302,0.12301206617654459,-0.7120725242684485,0.6305201946545214
0.3090679695449773,-0.07959136897251573,1.0,0.70961283936451,0.8224033354066567,1.0,-2.3931461668043807
0.17846532719868358,-0.1196073170599623,1.0,-1.0,0.5774001377721684,0.308588280898344,-2.2927939396242722
-1.0,-1.0,-1.0,-0.5957972255329659,0.3915628890058692,0.5419456795231904,-4.355004334127144
-1.0,-1.0,-1.0,-0.861847365108056,-0.06815832377134493,0.32078557871771207,-7.334819935498101
-0.8367631236880222,-1.0,-0.878950874683463,-0.14869826701320815,-0.9738228030063414,-0.7787864686601265,-1.622523341858744
-0.6727376746991254,-0.6636398068804523,0.27664744706100824,-0.2814699665229903,-1.0,0.2752780754984395,-1.1929337683022978
-0.16727485605439485,-1.0,-0.014712132737170425,-0.14535992397311626,-0.19163767815364108,-0.9411427888360058,3.70737714032026
-0.9057437014902969,-1.0,-0.0979756756504786,-1.0,0.9057055860239247,1.0,0.9430417886602556
-0.25574477479785673,-1.0,-0.8966985033064515,-0.1843763059800152,-0.18330160060422684,0.7072939371007879,-1.2602492812062183
-1.0,-1.0,0.15675318822181827,-1.0,-0.949475762036592,-0.4426296440094215,3.558644735815852
1.0,1.0,1.0,1.0,0.30840629967681776,-0.005998285872580444,-4.101081732514111
0.6155890653630445,0.9899149015758808,0.7505744108528979,0.3132964463641348,1.0,-0.11470801931479979,-2.8364400822676523
-0.4499968576698528,-0.46885353491261006,1.0,0.5454086808587892,-0.5741796499336389,-0.42763995058245463,-0.23136708812442447
-0.5815254452894827,-0.7590159550038156,-1.0,-0.02095362805793033,0.7478151220465552,-0.11482915967964247,-1.5592921081151156
-0.19312776405778453,-1.0,-0.7665256492377179,-1.0,0.640927793668806,0.4448106322148553,-4.236985684651912
0.8850896661147132,0.2679087144385355,0.31721795949567033,0.39620303310108906,1.0,0.4670257206297703,-2.562247542334192
-0.42809996694100155,-0.10450168448533154,0.2364045288113248,-0.18983695722633942,0.5630100060108773,0.6930077594240937,1.1754798531444473
1.0,1.0,-0.66613297094929,0.08901317510949291,0.1943541295369352,-0.9244674454362148,1.8583267705225341
0.7817353981550671,0.6852849668462302,0.5267476778132191,0.26866018281499937,0.053646031682423934,1.0,1.8196077142937732
0.25680760951422665,0.21020872377589833,0.5619309780333608,1.0,1.0,-0.512231126490417,0.5645510896374871
-0.8433548429931293,-0.2999514257554341,-0.42940523392252294,0.28595836181155926,-1.0,-1.0,0.16971280972973168
-0.6551772411369514,-0.005230663480215281,0.4098531617603547,1.0,-1.0,-0.5138500998650279,-0.01569469947154689
0.23914921473761952,-0.8094827055268078,-0.2223971459444332,0.8388732119938458,1.0,0.6104104598402886,0.19783993895338464
-1.0,-0.6878346465167604,-0.7871076157937009,0.30890045022405843,0.7409618799649419,0.8966690914623697,4.466775408196563
0.5193897434554904,0.05334831906255208,0.2939022634677489,1.0,1.0,-0.6342437005737939,-0.11708968187657677
-0.9760206378057883,-1.0,-1.0,-0.3538645185691126,0.7370953761537941,-0.8886864956815843,2.0110660722536724
0.2817668985412016,1.0,0.6016732898445909,0.3000466231955059,-0.3375925714496578,1.0,-0.0587901230889285
1.0,0.15229873203420863,0.06155247624350779,1.0,0.43524319374174647,-0.07434210741322078,-1.4759704052909433
0.15076743416290805,0.7851489328030206,0.5706672224904527,-0.1321492851992948,0.9627014714959814,1.0,3.1523458690611954
-0.3455458764319819,1.0,-0.08358475733659765,-0.7853880809144631,0.2808841118713939,-0.1192431700679184,0.3432886230494274
-0.11109635006001037,-0.3229439503118245,-0.06850817354021488,1.0,0.34738429970941853,0.6205635331589215,1.8279999226367205
-0.34446183719813595,-0.9408790156307749,-0.12937788369510428,0.1905365861744448,0.9982836707611753,0.5732269789143637,1.4482737978442934
0.9804167253980436,0.6986556522247895,0.4904509749303041,1.0,0.7103652811250926,0.37241602063013346,-2.520379219621687
0.6500864351366711,0.06982528181483966,0.7673702773402907,-0.05353306811239361,0.6270117979593244,-1.0,1.8647512645676378
1.0,-0.06506003899509682,-0.11321879182705813,-0.23407640582080108,-0.3925014005995775,-1.0,5.327587131641721
1.0,0.044989250314436624,0.2854944160899499,1.0,0.4673377695608192,0.28868097178838914,-1.3725764126109947
1.0,1.0,0.03265735822208149,1.0,0.6853809139438386,-0.7474520509536542,1.48577999592819
-1.0,-0.7848874660426466,1.0,-0.11810371452365889,-1.0,-0.20298881473331676,-1.525063454034383
0.017102241241501392,0.5316164861712336,1.0,1.0,-0.6952196606662644,-0.5405543764152327,0.0011587323087092205
1.0,0.059453987422793064,0.23987108338682783,0.8682132954751071,0.8637063982992628,0.010628244246803753,-1.8266473284466407
0.8852538014766949,1.0,0.06979692363079423,-0.3949854241119547,-0.11888818179132693,-0.7175295196426368,1.4122482474717906
0.12052281856402991,0.4494104918847399,0.09418682278279578,-0.9486369862776594,-0.35536386734527614,-0.051256771317095606,0.5806932084284999
1.0,0.12208316327273394,1.0,1.0,-0.03272914819207773,-0.3810426809017473,0.13822668345617317
0.09340546496496449,-1.0,-0.5290113890067054,-0.7198322322028481,-0.9347893424475466,0.03733385518652255,1.9681666430218117
0.9706990960586054,1.0,1.0,0.36071704189480036,-1.0,-0.23202302559193422,2.514765397947469
0.9287877666680215,1.0,1.0,0.3520834420782436,-1.0,0.06870757367651326,1.6440387929300657
0.9853354753038466,1.0,1.0,1.0,1.0,0.2982997678839723,-8.579746091704665
-0.043453669543967066,0.24874489074832173,-1.0,-0.3142853733761748,-0.4969551750112793,-0.3806063093011084,-0.5118141431157339
0.6877198551919295,-0.37528519209842925,0.169122223979711,-0.19627289896676964,-0.7693615191510462,-0.468873513795407,2.430164369519476
0.09353374270479978,0.730127704240124,1.0,0.8623427868844983,-0.9347304438045225,0.76233713204855,-2.405637342267248
0.8219741701538139,0.04382992741082847,0.3110007319851865,0.06342910012088657,0.2591081758383342,-0.0574519120814562,-0.06571462140686796
-0.2928522686418792,-0.6391471228439995,-0.3219141457164879,0.558390709753421,0.9017194584263992,-0.55509765879509,0.354372977519544
0.33174918141436605,-0.03751864995745613,0.534138369522542,1.0,-0.8131348058179023,-1.0,4.127481844276796
-0.8173127634112443,-0.8693895281425146,0.6883397374354466,-0.10574094011567309,1.0,0.10738071355856571,2.6962515628712715
1.0,-0.14618573177422278,0.19210876286231393,-0.23929314031651944,1.0,0.3204702827889981,-2.507926872632419
-0.7250756077999825,-1.0,-0.8301404758924036,-0.5930892728215237,-0.9046963656806696,-0.3900618433763393,-2.0925488665245005
-0.4511471639646934,0.5317393518745344,-0.5555770537552485,-0.26456055246419113,-0.027975800443582055,-0.5990928226409269,-0.02416333234527618
-0.4467097188985268,-0.30634843107875337,1.0,-1.0,0.838961545492225,0.1007166235999819,-0.2876312686377017
-0.37816757182926874,-0.37126385523700867,0.5183662655159422,-0.559389435539448,1.0,-0.1878134006905708,2.0925696852951097
0.1919036578499423,-0.856357646446452,-0.146748747564657,-0.9857460388418616,-0.7012540227627919,-0.7757537223369086,5.6698228675450775
0.43355184340175035,1.0,0.21699780059288143,-0.7602973095251142,-0.5568361149369032,-1.0,2.8129576077019496
-0.0933775861425602,-0.40255815430348096,0.4763386547363305,-0.05511519737744175,-0.05288655526718067,-0.0712657701993249,0.8555711350000956
1.0,0.5881496215809179,-0.29381041722575285,-0.29583557639101005,0.3980089604296343,-0.43828145812424274,-0.6312868355774846
0.24232244467777309,0.2590716305299932,-0.8097231616617926,0.7728881089886105,-0.890850885868536,-0.2545823016532095,-0.6553407992863133
0.38242337144762306,-0.9642831150551722,-0.9605836527730363,0.5008487366324981,1.0,0.9221490714345101,1.4379935573989688
0.4960625505923652,0.8589843671205376,1.0,0.7926081673689798,-0.24825763604981677,-0.3074190342197416,-0.8027560198418163
-0.2581622107484685,-0.00165396438921106,0.1105394559677643,-0.7167023912320766,-0.49167714572608856,0.18384660638595474,0.444383709034384
1.0,1.0,-0.24794100153010856,0.5025177016117692,1.0,0.12804580607136817,-1.3313678094966537
-1.0,-1.0,-0.04398355107323637,-0.713936176012673,0.02108712961145154,-0.8637063058663408,3.0781454612446835
0.32475576084682367,-0.18276831042581665,0.14446591373993956,0.44637783112761603,1.0,1.0,2.1875533209638527
0.8175242886848428,0.47485295497180696,-0.28093324749209925,1.0,0.07078642885376962,-0.1445600589285817,-0.0732497293163557
1.0,1.0,1.0,1.0,-0.33973347481617805,-0.1957355994841561,0.28763208358695114
0.20725717393702603,-0.4171486966531044,1.0,-0.23614041227662236,1.0,0.5388263968753413,-3.4209353355427186
-1.0,-0.599535699134019,-1.0,-1.0,0.25868831382756363,0.438879472546545,-2.462139443724933
-0.012757912226708468,-0.5229439670695842,-0.4002961969078066,0.9169592184218439,0.44423698713137166,-0.23605202608818732,-0.030188872533721822
-0.9500908203088374,-0.9704782698372549,-1.0,-1.0,0.4045438883484202,-0.7966323877013186,-0.21045396065318656
-0.6768848904975571,1.0,1.0,0.8928648963980292,0.3316669892550079,-0.4773415933996561,-4.711904442826801
1.0,1.0,-0.6170022847832511,1.0,-0.06304509092775945,0.986152584660267,4.412462054008499
-0.8011779614565997,0.6892544017896186,-0.44893247807937425,-0.3943253881721138,-0.04209572822978905,0.518695324839715,2.0997999432379872
-0.001968631506856,-1.0,0.04135078791409241,-0.21715957326961383,-0.09677722284666396,-0.14670179700831842,0.8494869879391089
0.2814928618400896,0.7735428007645674,0.6734479090172347,-0.3836905444392761,1.0,1.0,3.38668758035252
-0.9766746636383896,-1.0,-0.880044559606995,-1.0,-0.48292584899413166,0.019533393749380498,-4.974434656515602
-0.30522895756429325,-0.5633870392314835,1.0,1.0,-0.526125419802131,0.2978677824372637,-1.672532203380742
-1.0,-0.9109391893336054,0.5496005263333281,-1.0,1.0,0.1858445225925366,2.9919538078927532
-0.259168814731985,1.0,0.049426185646393096,-0.8201139856199265,0.17238459561928837,0.9749021484105627,4.565504052767918
-1.0,-0.8565534695582597,-0.2666012012641972,-1.0,-0.314558165406063,1.0,-2.1678662672530984
0.5914726545793259,-0.5510305350573305,0.07711117077223793,1.0,0.3851983178044024,0.002080057425177917,-1.2439283383783803
-0.05696877625250567,1.0,-0.4788337192562288,1.0,-0.20113710050108274,0.3774141427124399,1.1629220944694345
-0.8263093575758077,-0.7849541196985101,-1.0,-0.4826094135560468,-0.19112506268311047,0.31975384709438476,-3.3078943236107268
0.0695952310519401,0.3700153087802882,0.024593163124708495,1.0,-1.0,-1.0,2.9774466764467573
-0.8421024355964876,-0.8069096967343563,0.568145942793278,-1.0,0.9469118396918178,0.38089428123761393,1.0987876916342874
1.0,0.442783091797297,0.45135214547470626,1.0,0.8393025242491581,0.8189551025270174,-2.1112555851157917
-1.0,-1.0,-1.0,0.43077853361488616,0.5014325242017726,-0.8177778392212715,-0.9638997060308141
1.0,1.0,1.0,0.43658434290671155,-0.49709362884760866,-1.0,4.156565015763934
0.24678187598600893,-0.5940281250234785,-0.39682998406020464,0.29178154706397,-0.12879738382946965,0.7355356356090088,1.186505518784978
0.40821154479847355,-1.0,0.46300014505360104,-1.0,-0.25762341540755834,-0.41902769528321177,5.120886437084734
1.0,0.08725926546599494,0.3709456141419636,0.21189434332152945,0.5312450616274564,1.0,0.2551323754089022
-0.08540791857838514,-0.2706274997565772,-0.4525120756927441,-0.5937407653837152,1.0,0.4829522780617368,1.223558092008306
-0.8386319989524584,-0.9312674426855954,-0.17822679739850128,-0.7787829422530972,-1.0,-0.7698601563719432,3.5168568119247055
-0.9988019765562537,-1.0,-0.8119566280169509,0.38849514671188545,-1.0,-0.33877138445337385,-5.630023215924862
0.128326915112354,-0.3551226322328639,0.9352282174193499,0.6219895068012657,0.794376477394507,0.11664386699977497,-0.33980460267003354
-0.6866169495499661,-0.8489574471710853,1.0,-1.0,-0.3284679104991381,-0.35946839797389785,1.8558204561862919
-0.18206211687905482,0.3283360769082969,-0.404880565096397,1.0,-0.5462610003451946,0.4817968866034022,-0.004142819634479766
0.704756742459577,-0.6176930631574855,0.17997273583991558,-1.0,0.7208157060119238,1.0,0.4371438310211053
0.5240684933439856,0.7082564741190123,-0.9748148509391674,-0.46525888128573806,-1.0,0.11687406013296897,3.429515548707246
0.01536793329725028,-0.5136686096698927,-0.08477097383971888,0.6925904292180227,-0.5530160482253837,-1.0,3.2161602931008297
0.6574604293050705,0.004498208390182834,0.8484762962680863,1.0,-0.6007016733865758,-0.5647819597048847,2.3242885739963373
-1.0,-1.0,-1.0,-0.7825896925190767,0.3371631186321885,-0.22089059353689044,-4.851115889316801
0.4905087587343949,-0.17853702000239274,0.4402218202682949,-0.8078045254753569,1.0,-0.40510526574336747,-0.023244057697009324
-0.8666987794372112,0.5052428828457957,-0.3101837198021341,-0.0072868294186363425,0.9503075498917796,0.1864526736525936,3.0919797718294855
1.0,1.0,-1.0,-0.9678220132310987,-1.0,-0.6407792693450965,8.843257512883614
-1.0,-1.0,0.7544719878308828,0.30862298057477255,0.008990669578512328,-0.6698606356547865,4.990140058252455
-1.0,-1.0,-1.0,-0.6493352014243519,-0.0694163315486703,-0.39040356189277503,-4.3363523398243435
1.0,-0.35447698743962247,0.7946660658082729,-0.04235580910298542,1.0,0.9546601791023785,-5.474894452833071
1.0,0.23579731369392887,0.726023545454988,1.0,-0.2468290348268264,1.0,0.9716314234239298
-1.0,-0.6772301067767834,0.6446132852161682,-1.0,-0.19500725531474505,-0.7975052977481891,3.314243706891297
0.17767571353821007,0.6271385495925728,-1.0,0.6040314376612506,-1.0,-1.0,3.315286227968268
0.006772373421625934,-0.3301492252898876,1.0,0.8226216339020775,-1.0,-1.0,0.037211470492652554
-1.0,-0.5269263882286686,-1.0,-0.8027253588236241,-0.2645130551921626,-0.6895601771857769,0.2509381305284881
-0.17429544204023717,-0.7943781279494716,0.31305301946544134,-1.0,0.7533851079789469,0.3761913929523778,-0.07289554153497825
1.0,0.7080844257503622,1.0,0.7718943178289752,0.9390662112475001,-0.11412450495329446,-4.856138661441305
-0.6706998320701845,0.9056058935023856,0.4104451288263426,0.5500378245373687,1.0,0.3074344008367085,1.471603851728299
-1.0,-1.0,-1.0,-0.19198443623964906,-0.6155843567246633,-1.0,2.0135372292549056
-1.0,-1.0,-0.6713051446106727,-0.8212716499493848,0.17301151149666238,1.0,-2.302880880156926
0.9140770323093975,0.9572963756039012,1.0,0.2819584203388089,1.0,0.15786703496010634,-5.49068432157121
-0.23013567374480784,0.1328755360027134,-1.0,-1.0,1.0,-0.3392219923566271,1.0513228335985656
-0.35664758839926297,0.5935813852342298,-0.7157635037042035,0.1673840544219214,1.0,1.0,8.865864032646328
1.0,0.3778416330394,-0.6419485818036009,0.3734434059627675,-1.0,-0.8811411423902116,5.270069566663029
0.46551745848040316,0.908026287603825,0.7746999507258081,0.8261041554422577,-0.27352629270957873,-0.04116670775025688,-0.45204980968143677
-0.5323259002743619,-1.0,-0.584336541805107,-1.0,-0.12581433555585453,1.0,-2.1457634046052196
-1.0,-0.7436529076047234,-0.005658536428584826,-1.0,-0.2531713009766236,1.0,-1.9309060649577248
0.37476992768603123,0.11238747970927532,0.4400396615165415,0.4846758144152772,-0.2677409323378034,-1.0,3.2893255213532107
1.0,1.0,0.8634363003568546,0.1979512674401298,-0.7735483338793444,1.0,1.0068492210288777
0.29727787714606735,-0.8888642709049739,-0.3702760191955079,-0.49924613366847004,-0.6211385751701923,0.49350986796324325,0.43084236379242896
0.2621671930899814,0.9678602444029111,-0.7235155568467568,0.7360386139343466,0.5531025228043664,-1.0,1.910463842472644
1.0,0.20564777435256665,1.0,-0.2120760557014802,1.0,1.0,-6.296981988626411
-0.953784077554757,-0.13135969300308803,0.3522287905783494,0.9635382146410958,0.1066603971470097,0.39839775405053723,-0.8941032232787554
-1.0,-1.0,-1.0,-1.0,0.2600605442612467,0.34837786296506823,-6.847947847371213
0.42780010269043905,0.5981243211662599,0.12848271481944584,0.4170123768380549,-0.9981516951284931,-0.6707763515258613,2.485511943505993
1.0,0.7250218753917335,0.07490170994910117,1.0,0.2584562265101815,-0.7824739436300037,2.564732987179806
0.5452831186416751,1.0,0.17285976184420293,0.9113189237883661,-0.9771546164060753,0.16954439426138534,2.3020441410988686
1.0,0.898941217266934,0.33417804961534303,-0.24160558758205508,-0.5360942135263298,0.726239879818922,2.350228142258093
0.12703945212241408,0.9732502481692495,0.029094474169751305,0.444414465078912,0.6764379764590062,1.0,3.2515391774329987
-0.3333160318263468,-0.07690410339499448,-0.04215321008921691,0.07213614770211141,0.8817757246473674,0.6680116700344965,2.3316135783034517
-1.0,1.0,-0.5918682658320534,0.0873457088189203,0.19677405038392481,0.4637330525485388,3.424602752689704
0.4799322557679857,0.17087896146891554,0.19022730502099372,0.9707859398036954,-0.3311416872289574,1.0,3.3930109836156976
0.12766650920088352,0.8097540522207514,1.0,1.0,-0.791349972771279,0.2997266820373362,-2.6605757547028057
-0.7260222974106201,-0.12145421544552526,-1.0,-1.0,0.5262663430292553,0.19441185001513261,-0.40320442819492724
-0.6367060306210772,-0.019731076934891845,-1.0,-1.0,1.0,0.2255551897199859,1.7108023228305356
-0.04176338833650006,-0.5128120356563983,-0.7235112499260984,-0.24945341157216766,0.48792857711970794,1.0,4.06928369478768
-0.2596266201425408,-0.4335253453232373,0.1839509925756589,-0.2876574204357112,-0.43625210907182377,0.7815020793566259,0.5405317275904225
1.0,1.0,1.0,1.0,0.8468027347769853,1.0,-8.491235516155136
1.0,0.41325928987045546,0.7512667371462571,0.014395745600663146,-1.0,1.0,5.290321442534956
1.0,0.17154156328890346,0.18907845918287203,0.031789136305682364,-0.08942272931696499,0.4221017060315364,0.6737659721113964
-1.0,0.03120215843240115,-0.879173709665033,-0.4720928956265158,-0.36807881451688634,1.0,3.8482107033940602
-0.44314659077828567,-1.0,0.4897307747216251,-0.4072078821370253,-0.34969799490384845,-0.7860731247144559,4.417976419024643
-0.8499575743420626,-1.0,-0.34884957596656196,0.8787936382110995,-1.0,-1.0,-0.6129752212498654
1.0,1.0,1.0,0.023503610262947783,-1.0,-1.0,3.175251087217315
-0.25554750131177584,-0.2988564550229128,0.39158099616857583,-0.8347918409084991,-0.66324826997017,-0.17409697089580112,0.11186008645078094
-1.0,-1.0,-0.8777250087297266,-1.0,0.8660567443201783,0.34666567203918447,-6.438175832594316
-0.9747999384695284,-1.0,-0.2840626623309337,-0.8072646874983038,-0.23069096499272035,-1.0,5.332699941798534
0.549334673334937,0.24003327431055865,0.012836532610503104,0.6042003724519815,-0.2741103487748938,-0.16423642839392183,-0.12702050659284947
-0.9577994685057724,-1.0,-1.0,-0.37914422458590824,0.2239039662974281,-1.0,4.188850535248531
1.0,0.2624849218640477,1.0,1.0,0.27837452712660293,-0.8149749961481504,1.6060016154086325
-1.0,-0.8093079190097119,-0.9903610942320623,-1.0,-0.6490391910619071,-1.0,4.232043244913348
-0.5446123248496088,-1.0,0.9500258970262573,0.2950444537652148,-1.0,-0.24506603808618993,0.9880271468933282
-1.0,-1.0,0.523126976523457,-1.0,-0.3857748285472985,1.0,-3.920124489636099
0.6225916904606458,0.9634071389538266,-0.48445555849588473,0.2648328028127773,0.1499995758069005,-0.569747545502749,0.6318347843933405
-1.0,-1.0,-1.0,-1.0,-0.012400887405605188,0.1766330920588236,-7.544192934661777
-0.2927030014112635,0.25815698063082715,0.7569868419839241,-0.3047992916097098,-0.5040106616486014,-0.9850058741946326,0.9869922372828351
0.6075100533880196,-0.7682233892511717,1.0,-0.07221414023042017,1.0,0.38474068603467426,-3.4861417919990307
-0.9865484162628206,-1.0,-0.16271177729805603,1.0,-0.07362715514739415,0.0512955891913008,-1.4681270446081718
0.23020118304032655,1.0,0.6526917252979887,0.48083233569469974,-1.0,-1.0,2.2876697266339656
-0.10655894172343772,1.0,0.9109092797451495,1.0,-0.3952175878090669,-1.0,0.8037043536171354
-1.0,-0.43349786023106285,-0.40940198607961764,-0.9751181343862521,-0.060888094665718984,0.23300613893461908,-0.6692623746810259
0.41947148157861547,-0.20895889214528568,0.8106236948916984,0.7018798516396142,-0.5049013465783792,-0.1815340268052763,0.7594307822263011
-0.922358157954158,-0.4173586797113089,-0.03234230680836747,-0.2927338717029746,-0.08894599107967008,-0.3103272149797662,0.6720564121461019
-0.8234758257838564,0.6056046158061028,1.0,-0.7196725145987811,-1.0,-0.24297572350051366,-3.1699744239088283
0.5158991450882116,-0.804956105374409,0.14613728244794716,1.0,-0.9183099578880911,-1.0,6.894711844604731
1.0,0.35947002837150077,-1.0,-1.0,0.6187218772118721,1.0,1.1412074816195343
-1.0,-1.0,-1.0,-0.23208638362213596,-0.8826777334512868,-0.3339776034640687,-5.118046237069737
-0.5018881395169542,-0.6476807258742845,1.0,0.08746592370724277,-1.0,-1.0,0.8588263476857148
0.06294906070961426,1.0,0.049481692654626874,0.1403492947260241,-1.0,1.0,4.890077158867956
0.4059367226574748,1.0,0.25273409580826367,0.4464916007633848,0.049000100504207826,-0.8647862542838253,1.2114299583884283
-0.6214712100822319,0.14685796175666926,-0.1975677103048012,-0.22385181766005677,1.0,1.0,6.184767339210737
0.759711546929797,-0.8433900382837101,-0.5131690775212688,1.0,-0.4887616994495429,0.6733613585708212,4.134372440235022
-0.43516065327894005,-0.44892216138413743,-1.0,-0.19983464595871836,1.0,1.0,6.720828217083827
1.0,0.3673450915469436,1.0,0.3819952248177432,-0.7253689402386144,0.3454690763850491,2.2850063300362566
0.2124152756333636,0.22110869143889159,0.039845557033458656,-0.32480750674746306,0.09432062095174842,-0.594573687776307,0.5693045225338853
0.3365369427149151,-0.7421931922589713,-0.9786060847697229,-1.0,-0.3313302777216516,-0.9935695026714793,3.6661661311180884
0.2282699027396542,-0.8713269636299993,-0.751487343052127,0.20071461792858553,-0.0561615462141864,0.8140533670941204,1.6952132767556638
0.4785532839906621,1.0,1.0,0.09413074478163552,-0.5548874945930102,-1.0,0.8687454140027427
-0.3576790705548978,1.0,-0.8469925654143545,0.28233520711964444,0.3774006393919194,-0.3273657852741806,2.347625251496662
-0.1687152833548632,0.11297443582955391,-0.0826085344457917,-0.2509778192670639,-0.04314207450065166,-0.6468609399450695,0.8037667477923287
-1.0,-0.8445071540023945,-1.0,-0.2997270699990624,0.3274403573857164,-1.0,5.364175434807932
1.0,1.0,0.37795254206390627,1.0,-0.10098246763448637,1.0,1.5946645011103198
1.0,0.5608451252309772,0.7386272459058135,1.0,1.0,-0.9915336755345663,-1.408262362191748
0.6475286453712168,1.0,0.24762312421911048,0.5969892176944984,-0.3848554285442888,0.24740751123601867,1.0634133391885319
-1.0,-1.0,-1.0,-0.6088176764186588,-0.8162040556158547,-0.9048995865751273,2.0613407506778625
1.0,0.260973186673665,-0.5227310196536711,0.5456699295339879,-1.0,-1.0,5.822499346634013
-1.0,-1.0,-1.0,-1.0,-1.0,-0.7607604824496563,1.4255109956519885
-0.08798217879914372,-1.0,0.9246059800543379,0.3122828527092846,1.0,1.0,1.9462450217016838
1.0,1.0,0.22491388420414715,0.7505062751053,-0.27648019029950277,-1.0,7.386166599833729
-0.5642966458030314,-0.983986757363626,-0.015221712477978544,-0.7860292693342086,0.575457136689762,0.7142581915333466,-0.6571927752556285
-0.9765429502883327,0.7840872599486909,-0.610042572067264,0.25950242605831336,-0.7117764134773636,0.02779626193201501,-0.5794561034873159
-0.870671852221885,-1.0,-0.5534239266006212,0.1074935389282784,-0.09539603302419375,1.0,0.09936732120315406
1.0,1.0,0.020334996169497188,1.0,1.0,-0.29639059851947647,-2.2803432650516777
1.0,0.970816293819145,-0.10975528062612827,1.0,-1.0,-1.0,11.477809557490211
1.0,0.6315191703064481,-0.21636475785733056,0.006838283913816134,1.0,-1.0,-0.93423608396051
0.2931829721795216,0.8027092088315546,-0.8468602451085582,-0.9384670668900144,1.0,0.7270316466544282,4.8918104728041625
0.15599192291139619,0.397495917010192,0.025095201962757496,1.0,0.5957173632349201,-0.9728232739579235,2.0867765717185787
-0.4344417306511299,0.0821047837971739,0.6659350327754225,0.11453696107072567,-1.0,-1.0,-0.657758485899528
0.494437962783984,1.0,-0.18401067821799244,1.0,-0.9779298873044242,-0.46646576418317465,6.202670256122284
0.5472901740363795,0.22620541740114966,-0.7041706207613609,0.862874673665645,0.48324594590615805,-0.8496671313718382,-0.358248913002411
-0.7869558336285705,-0.03258134085282849,-1.0,-1.0,1.0,-0.5448975867937282,1.3117235508818907
-0.7009818672753422,0.7697659391070379,1.0,-0.02797897592186449,0.1959578586287114,0.4715193774588171,-2.185550186592953
-0.5390160678867814,-1.0,-0.3652956912898173,-0.3518677649164349,-0.32522371488775426,0.15116866686905805,-1.553170929546434
-0.32124833404348474,-0.8185363112733748,0.2770893575467792,-0.9330854991433961,-0.7951061118183111,-1.0,6.389375446557326
-0.48309048108860697,-1.0,-1.0,-0.19581652175368114,-0.016940132596187832,1.0,2.869126396491646
0.9107458268087721,0.252053770083442,-0.7246794114145383,0.9522715885035102,0.954269324559992,-1.0,-2.269323956705017
-0.04061097195880925,0.30670626102221304,-0.6782575795823356,-0.4677353253142347,-0.013306167499869237,0.10138001112192474,1.4452460329954981
1.0,0.47825271850681217,1.0,1.0,-0.3307425398547009,0.48169878436890246,-0.7574421172633162
0.9079817551758967,-0.9587189475498024,0.8675825905316392,0.7895688450732783,-0.37650562712242697,0.435752840121449,3.5923206044497222
-0.5083909448309915,-0.3347180194086121,-0.29724542648415847,0.6694438623361183,0.9268155470608845,0.17977768628935498,0.831623103280726
1.0,-0.5718225144496685,1.0,0.17049869619165126,-1.0,-0.5490625822635564,7.102344405225458
1.0,1.0,0.16333894214119382,0.8220128783628011,0.12720533244252638,-0.2393420837878476,0.8720053980882294
1.0,0.3778612107103844,0.6299757931496344,0.41727925817490785,-1.0,-1.0,8.362333475017417
0.10791131028189205,-0.11551104914483312,1.0,0.44858036466143325,0.08037479523917268,-0.33250606150711015,0.7898645055714244
0.9038576324552433,0.03182750474099105,-0.48415037310312864,0.594529770715281,1.0,0.9012241165393666,-0.23629063879479256
1.0,0.6480260870725061,1.0,1.0,0.7643259571108738,0.07233456391385085,-4.683460833608971
-0.8514551769719594,-0.29452987508896755,-1.0,-0.8760840312680376,-0.06348343918104404,0.828020085312628,2.5412102242472594
1.0,-0.11811141973503303,-0.7287975976580106,-0.713409679323524,-0.845194636051839,-1.0,5.86858779131252
0.23637533059041804,1.0,-1.0,-0.6712090096323982,-1.0,-0.08161066337147638,2.5742078403623143
1.0,1.0,0.6097168743562882,0.7465903151829825,1.0,0.4138467382850659,-5.370466753282135
1.0,1.0,1.0,0.9664392409698497,1.0,0.8575467900281074,-10.431411929846714
-0.2930521981020551,0.4170480899340801,1.0,0.7071400561703557,0.5020221619976757,0.691428112020281,-1.3937795243261386
-1.0,-1.0,-1.0,-1.0,-0.26903512717177436,-0.05098913803152433,-6.534677552037617
1.0,1.0,1.0,1.0,-1.0,-1.0,8.919329465588026
0.22928909251346696,0.9706624816024032,-1.0,1.0,-0.4025016228724545,-1.0,6.339910363169119
-0.4798789254435003,-1.0,-0.690891966502786,-1.0,0.040794179929305674,-0.44491668701834985,-1.5687369533087387
1.0,0.5540505347997504,1.0,0.930432340693842,-0.04059522547364225,0.06866395211539256,-0.4308146307521256
1.0,1.0,1.0,0.6790580631331411,0.34453350224281487,0.1883845705769368,-4.455277955442179
-0.058512807402870445,0.8290170354410931,-0.6643878146649758,1.0,0.3855819964864671,-0.5246247385618993,1.1118560623087381
-0.8662428287851637,0.6423122014981877,-1.0,0.18065464249217372,-0.6999939291644472,1.0,8.45508994322242
-0.8384676130879838,-1.0,-1.0,-0.33840306093436445,-1.0,0.2782374694516614,-4.818019540270196
-1.0,-0.3748374274141981,-1.0,-1.0,-0.8664145590262704,-1.0,3.75722649739156
0.8636750963840996,0.0891477914865314,-0.10501393620781954,0.36595485736608224,-1.0,-0.6355363549630455,3.6049660810159403
-0.8429720754008421,-0.8775613084807861,-1.0,-1.0,0.9645819436879676,0.8606006786720566,-2.201768304833001
1.0,1.0,1.0,1.0,-1.0,0.47053968979374994,3.3868030027832963
-0.7225988760149575,-1.0,-0.8618486005839343,-0.28578772121898754,0.3740739320897233,-0.8636824395070679,1.5904322006952611
0.8133274120517007,0.7795568340835664,0.24139033621510908,0.44209113552712165,1.0,0.7047690245135214,-0.007201351242307696
1.0,1.0,-0.02593050709981659,1.0,0.6669309979894753,0.7526963429265323,-1.0265114476846664
-1.0,1.0,0.8795576905143261,-0.9642536801281136,0.05823355866252866,-0.9202373524353304,-5.360387532309094
-1.0,-0.8923008026576732,-1.0,-0.8695626201554667,-0.8383804075830048,-0.9207547882096947,3.202095004281915
-1.0,0.10604707404163799,-0.21021734670766834,-0.3252172543204156,-0.12048740290277943,-1.0,3.4254267808790466
-0.694710552770071,-0.11017014398256142,-0.7269233169318001,1.0,0.6790534460438198,0.5283526449349996,2.0981223744824313
0.6385671594758378,0.28952353945540243,0.5635855220462767,-0.054388782303053884,1.0,1.0,0.5696880017076871
1.0,1.0,0.002908800690952118,1.0,0.38070791328116965,1.0,1.8580291008946495
0.0958103043107266,0.1783882874577718,0.4023219132761743,0.3314513220730202,-0.800788522489781,1.0,2.698069505896624
-1.0,-1.0,-0.910835937049201,-1.0,-1.0,-0.07660261229153664,-1.0513989494792173
-0.69688104056745,0.06032940358130309,1.0,0.5882994186628961,-0.7479979865950941,-0.45540085507144634,-1.4001246285881859
-0.6673396846418743,-0.21033331779683512,0.5004755946300501,-0.7622341505383505,-0.5484576877855136,-0.053833004841072674,-0.3633714501034323
1.0,0.31692797412837753,0.018032433019638472,0.49061980820047746,-1.0,-0.6281654633667488,5.5510865832538565
0.8844774630187188,-1.0,-0.23606163912465494,-1.0,-1.0,-0.4678421333312197,9.42537109445955
-0.15617207138948774,-0.8786533889503867,1.0,-0.5337504398223576,-0.70928615224025,0.7892099657547067,-0.5811420524831976
1.0,-0.4046869690169002,-1.0,-0.7335052510904418,1.0,0.7145271588826655,-3.3606525171742136
-1.0,0.16137380645240196,-0.9031650638769233,0.10458769880249541,0.07012803175415905,-1.0,6.214423689587542
0.10867833777920138,0.4594117311868048,-0.11920227604570299,0.3414237458156675,0.19009756613298523,0.012678916797004836,-0.1536566158290414
-1.0,-1.0,-0.23878499095137506,-0.9136387046428958,-0.4978763242414038,-0.5884720044798109,1.1234648391904418
0.2771148930432541,-0.3850298881807592,1.0,1.0,-0.7884909677039242,-0.5917553476577094,0.40189740011965486
0.06965781942853777,1.0,1.0,1.0,1.0,-0.42489533961784887,-5.857715411371839
-0.8952761539929103,0.8541130657373182,1.0,-0.5276215751480526,0.36112484374118436,1.0,-1.6161233466481377
-0.6826851037321078,-1.0,0.03841758900803682,0.2845972812240114,-0.011870754676886142,-0.7562620831457454,2.102207339997742
-1.0,0.6278054414989109,1.0,-0.4204183451682423,1.0,0.22159450866288533,-2.427949944098505
-0.8140080931600562,-1.0,-0.9840643200267483,-1.0,-0.10383206801070077,-1.0,3.126791547979738
-1.0,-1.0,-0.6668159770978468,-1.0,-0.3188100510913323,1.0,-3.3094065802119066
-1.0,-1.0,0.11392810375178763,-1.0,0.8976075332969922,-0.3424263062583424,3.9676554545674425
0.4520184338399339,1.0,0.13649774994963526,-1.0,0.5233142009915546,1.0,5.378311950162834
-0.48092592815531243,-0.06494746396037859,-0.14390569836556355,-1.0,-0.12617396286580596,-0.5846328425960399,-0.1606443390886615
1.0,1.0,0.12375365289308715,1.0,-0.08986665740870003,0.17282499585001185,0.7962564925005419
-0.4212870846783703,-0.5489069761737566,-1.0,-1.0,-1.0,-0.8513200992626928,2.778050128168959
-0.1452466677946013,-0.426356133248496,0.5047611921745211,-0.0717317203543189,0.23108534616768533,-1.0,3.0221948916162664
-0.6788232019025959,-0.7632314070689428,0.0796403968811612,-0.5603471796068658,-1.0,-1.0,3.0574597607384177
1.0,-0.5793291655710071,0.27473616995971106,0.05828999019205371,0.007310355135579538,1.0,1.3253462385514587
0.01997667384003769,0.06888741307020352,0.6152765582782829,0.1797735708885675,0.8769893986373526,0.384589289077252,-0.8696240209734061
-0.5926708879839697,0.7439387111078147,0.9153261644538961,1.0,0.13961977156614158,-0.03382068452247966,-2.1226199495795184
-0.6797080600571976,-1.0,-0.8108312973846727,-0.004964055444511395,0.13759646467062786,-1.0,2.4174844717005213
0.9521186427962091,0.5828344038237446,-0.08938895920827433,0.05925399392199532,0.6129978183046125,1.0,1.9869658098842748
-1.0,-0.8117914380124852,-1.0,-1.0,0.5090866207507916,-0.17830343700563334,-4.183340447796321
-0.8336952906562778,-0.7695201623900572,-1.0,-0.412259465936502,0.37443927358539164,0.6616637878523508,-0.1822502394575874
-0.7764307442424455,-1.0,-0.15534979143544733,-0.5057366096398674,0.6505458050635846,0.17133545700554814,0.21361524151862216
-0.6519787500603271,0.6944168574031763,0.12192319142518282,-0.3177423996478701,1.0,-0.2885173858902903,2.821217754559551
-0.9121458507282181,-0.4686444250407006,0.197901057363902,-0.3152107776085831,0.2639776038482179,-0.41314745394141655,0.990249523865932
-0.806919793331763,-0.8097319045798622,-0.6810401147463718,-1.0,-1.0,-1.0,3.796653179155146
1.0,0.5472675093939381,0.9012947586108432,0.25176519613422554,-0.2906217028859227,0.22414505071260532,0.5158537277471043
-0.22212737091303225,-0.5910459538329514,0.8434567452083694,0.5381859869567378,0.017342855874062646,-0.35269283750744296,0.6205896651146159
1.0,0.2884352422299616,-1.0,0.7142810542265046,0.9645475103621917,-1.0,-5.477151175119144
0.26871561799904714,-0.19914905755715562,-0.21420595597327707,-0.7951072676197359,-1.0,-0.6719151479143803,3.260801918251313
-0.5579791936738627,0.5021937187822288,0.190208152840045,-1.0,-1.0,-0.07615652526240413,0.6980134793346242
0.6905848634514892,-1.0,-0.24943670592925327,0.1924888914374927,0.917314813728595,1.0,0.5086790944844392
1.0,1.0,0.38622231035380294,1.0,0.4733736237811418,-1.0,2.895317399163477
1.0,0.48945725244001514,1.0,0.888795220419792,-0.40548684425046294,-0.9265670704581792,4.857081669438726
0.34366948103627204,-0.6896550379304274,0.8143119411310438,0.4792741073743019,-0.28416653992963004,-1.0,3.6232915173756464
0.32637163808302627,0.7189149737473686,0.706632919410891,-0.25104906178236897,-0.7922613524004685,1.0,3.3695525613566195
-0.2361614937553963,-0.5726133923945687,1.0,0.5801275970615661,-0.12120330498437581,-1.0,2.374004888817438
0.43008898544387686,-0.46586110751184084,-1.0,-0.9889430671101255,0.14434966439151964,-0.8105157391305591,0.9006487439272984
0.2757035346528783,-0.166943708656557,1.0,-0.5866137176111867,0.47488835752167335,0.30041503676901093,-1.4935059710024925
0.9771728322679865,1.0,0.5247875711044769,1.0,0.3702350945352007,-1.0,3.3816931824560164
0.19198967983495874,0.8130706708859741,0.5679771325492775,-0.1429108219601034,0.5620657894877794,1.0,1.3906190312043916
0.01076837536622488,-0.3894557557075664,-0.646537621273325,-1.0,-1.0,1.0,7.921477745707629
-1.0,-1.0,-0.7987499459315386,-1.0,-1.0,0.043238501098897916,-0.7397217539334822
1.0,0.016368671662786882,1.0,1.0,1.0,1.0,-5.975997340945114
-0.1308054302287005,0.4503087216837208,-0.24814481782257247,-0.162902829905072,0.1616244055970234,-0.35537652767861666,-0.14338059829835212
-0.7874344721375396,-0.9087756758342632,-0.9266128077046492,0.46234081965226737,-0.16760326854137847,1.0,2.8299819480210715
-0.8177752210717231,-0.4973824437934975,-0.41003033954460244,-1.0,0.3541006289438605,1.0,2.1451741120040393
-0.5892727538162668,-1.0,-1.0,-1.0,1.0,-0.31767578508323124,-4.868821956171493
-0.6903796184001768,-0.6451452968067735,0.1805991710631189,-0.35314222713104837,-0.7283004553368202,-1.0,2.2598673304231975
-0.26359867477838084,-0.4765878247276031,-0.3113631699472919,0.3422697573810506,-1.0,-1.0,1.4901492643002217
1.0,1.0,1.0,0.5233199947180025,1.0,-0.45088758621912783,-5.015030240823017
1.0,0.9775121949342167,0.6452842217089918,1.0,0.40311213785627253,-0.6474576556996722,-0.9056183696235443
-0.6141390830957784,-1.0,0.39388217699026007,-0.07704240988044092,-0.5098912464424552,-1.0,4.523646309044547
0.24697537781206744,0.2641680284350043,0.24128917730727306,-0.7236713110266273,0.4951003336862594,1.0,2.94283070339237
-0.6389716828415738,-1.0,-1.0,1.0,-0.6002530530219772,-0.2882122586201463,-7.148863030244678
-1.0,-1.0,-0.27971804760735375,-0.972580520636477,-0.9964129409804541,-0.27901129437867134,2.3908053742321154
0.3051566971988464,-0.14331322816835101,0.6116389336175987,1.0,-0.5452811419736124,-1.0,3.7836795072591185
-1.0,-0.3394881975775639,-0.9464771731151418,-1.0,0.5426196866759938,-0.4026759773908828,-0.4266259044138657
-0.5364710755231461,-0.13789872267513736,-0.8172545877884283,-0.6544746783152624,-1.0,-1.0,1.0890299718742646
0.1981890725094,0.6570240811970858,-1.0,0.25340151175765324,0.5144857859440262,0.5705549220169472,2.665263993915922
1.0,0.505336819261764,0.2818994044187042,1.0,-0.597148499649037,1.0,4.286092820966755
0.3659692225411608,0.537549660208662,0.015142430637980209,-0.8460390583996743,1.0,1.0,5.074682181898856
-0.4924370889803613,-0.6174925250229584,-1.0,0.7390424236389679,-1.0,-1.0,-0.2572666296231845
-1.0,-1.0,-1.0,-1.0,-1.0,-0.49312274881396156,-0.21594633168496558
0.21436931653021318,-0.7327844524307576,-0.06325349551142878,-0.4866632579119894,-0.9061664235478191,-0.7745040380732058,4.369506214399744
-0.3677439705925498,-0.8819842069387422,-0.05895630075887248,0.37276323003467887,-0.27011965923707565,0.8237753801345813,0.4508713404585989
-1.0,0.3099634853430211,-0.8355505334350972,-0.9321610461574927,0.04200396340445167,-0.4801067221971096,-0.2703845623002116
-1.0,-0.08324935421060681,-1.0,-0.3393157721055917,-1.0,-0.9936411838136678,0.7551449348013239
-0.7085493238880429,-0.32840581278899106,0.7838114081617751,-0.7448843832485051,-1.0,-1.0,0.24193148273559256
-0.12303053975432787,-0.558588020127359,-1.0,-0.09805823511401668,-0.628822836080537,-0.47689794194883195,-0.06999213070029409
0.14213982574821682,0.11453343845662639,0.4274558593921144,-1.0,-0.18238453099387947,-0.46548899594683624,0.7018365334234707
-1.0,-0.9459523727881424,-1.0,-1.0,0.040373612859299635,-0.17162868135549925,-5.939463299937891
-1.0,-1.0,-0.40849540248122973,-0.765328520614633,1.0,0.3489511394624273,-0.5304338698104465
1.0,0.8108403916283267,0.6646495198283726,0.291324378023086,0.142761632042827,-1.0,3.260182029469128
0.6527724762620686,-0.9910115202658848,0.41124490272859726,-0.5669281925878444,-1.0,-1.0,11.12041525142244
-1.0,0.17438575540796142,-0.10602916384653271,1.0,0.17053276513803994,0.11274671352876808,0.3972780159614906
0.6453333743920651,-1.0,-0.08294953247074965,-0.46744006540763383,-0.769203177109179,-1.0,7.44426882578129
1.0,1.0,0.585465309461104,0.7750315850630847,0.3956307478644706,-0.8745218154094532,0.8148537319772821
-0.0005108616670692623,0.8834319028679074,-0.04561914232690484,0.3796220124253358,1.0,-1.0,2.4102154548525805
0.1539699929564876,-0.8614618378546735,-0.042561562902008396,-0.7896897990732521,-0.023911209796939725,0.288358184194815,0.3085247519320944
0.03258326797263644,1.0,0.7151355150450848,0.5895067855321686,-0.1736922367089942,-0.1853188776776456,-1.29227592871975
1.0,0.5179410636621558,1.0,-0.44602179225623717,-0.729783639255293,-0.5231525702131703,3.565900899363207
0.12708417149418028,-1.0,-0.1496226359133963,-1.0,0.8454643754517115,-0.6445229485134293,3.199239128870199
-1.0,0.05970022009879017,0.13512694458595598,-0.8431958902991082,-1.0,-0.05174506119825484,-1.0282356486249196
-0.5241039235556874,-0.17281540195309447,-0.03994733940858075,1.0,0.13364787654476473,0.7482810314090214,2.1389054334083792
0.24292267002942913,-0.47437450538135356,0.8084599562120934,1.0,-0.3836393613060697,-0.48519522718176544,1.6022161107479553
0.9382292705165077,-0.32048187685329793,1.0,0.48967308555411254,0.6425564715016264,-0.24584489118909103,-1.0990643504548088
0.9135323681270265,0.40762498482362547,0.496323840835574,0.3899928589982584,-1.0,-0.7410520858575863,5.410943115120619
-1.0,-0.928302242642548,-0.2782368625401718,-0.2766443513089606,-1.0,-1.0,1.2369376159859122
-0.6269638640921016,-0.33247861151618047,-0.09046739933610781,-0.18233013833466072,-0.6144918621066329,-0.3848621193836086,-1.0170924630824787
-0.560900928550722,-0.4750398162707845,-0.129057915966734,-0.9335971795111226,-0.053395599456181886,-0.4740928660683883,0.24412800192507678
0.4512595997470915,-0.568889816675689,-0.25485310424271646,-0.4802800435675088,0.4375333435582086,-0.9075694923059697,3.2808193979664835
1.0,-0.12361845134148464,-0.6896299192592041,1.0,-0.16899822461942582,0.5566317481929313,-0.21909773128206123
-0.6298701026966462,1.0,-0.7411595480681756,0.016944732550435503,1.0,0.3367120494862871,5.420176998564459
-0.9236526838316187,-1.0,0.05998574859213013,-0.2795613602211895,-0.5780191721518915,0.7064038836657304,-2.446787178383988
0.7316900275165683,0.4958843555574003,1.0,-0.0370243351300944,-1.0,0.33354452459884654,1.4858183852903444
0.405337106347039,-0.341644436679458,1.0,1.0,-0.5094310206126591,0.005290665975626146,-0.5878566399015928
-0.9468777450035082,0.46638451821124594,1.0,0.5786875738919067,-0.8710962100400506,-0.8949627752602938,-0.526244837874692
-0.7049771756082545,-0.2532277476619852,-0.9468310364785846,-1.0,-0.6654971126078114,0.22777820060773135,-0.9303390182341917
0.08310930070139988,1.0,1.0,1.0,1.0,0.06819960069262651,-6.385407074562725
-0.8936359406813845,-1.0,-1.0,-0.5942175148261613,-1.0,-1.0,2.4256888801217964
-0.21039404151215269,-0.5244038175861412,1.0,0.8235971627048335,0.9799720363636722,0.5157799513062147,-0.9688910985685881
0.2675557397355244,-0.31490395082313516,1.0,0.9683354843512257,-0.05774850353240657,-0.8750651356982722,1.0544373288762812
0.9262536578742887,0.1378477568961829,0.43452364772658253,0.21672196364824214,-1.0,-1.0,7.93533789436
0.036720694686549815,0.18354804189020824,1.0,0.061881246617492225,0.09935666018954237,1.0,-0.09495535270029642
1.0,0.5682999520971528,1.0,1.0,0.5589535968284588,1.0,-6.642833084696104
-1.0,0.22469848447867813,-1.0,-1.0,0.45252812896882677,0.218911114099407,-0.2535510620674763
-0.7382574688532826,-0.46792376989711904,1.0,0.9725127212120581,-0.4715262796749018,-0.2042265022477432,-1.7211781060894646
-0.9863004591969748,-0.19130178590320668,-0.5012876379520437,-0.803165712160465,0.8149148426982006,1.0,5.922205534600337
-0.2674884989428057,0.8252795974165894,-0.9277890090162995,-1.0,0.02030455094525141,-1.0,1.584489344131973
-0.04593480949510009,0.5706618466063299,-0.9625550868452987,-0.18996951144345076,-0.4784327733959665,0.8166176600387872,4.7714830912835575
-0.7213383769370728,0.8002691128895427,1.0,0.10236299155073714,-1.0,-0.5622668044615844,-3.1218960123208324
0.4317826291282382,-0.18729832542384484,-0.046894676541111124,-0.671130755062171,-0.693357374549431,-0.19145842641416896,0.8644131725396657
0.18641624107625243,-1.0,-0.4609952939101707,-1.0,-1.0,-0.37781692103605535,7.1152479527279615
-0.3136538264229316,0.6819731527228209,-0.6382732841149823,1.0,0.6522942411607335,0.3325312016901669,0.9834873677076937
1.0,-0.6960075228451063,-0.08336633801626431,-0.2555302800320669,-1.0,-0.5601690699187627,5.6484810181713785
-0.24280967081905924,-1.0,0.2521642155108883,-0.11022832327472559,0.6602865405021563,0.4845414392266072,2.192862852604514
0.24394569045278325,0.8289405412782153,-0.17708959299616978,0.2539743322598308,1.0,0.23658099903132646,0.6032891659018172
0.8028579115577692,1.0,1.0,0.7096113109035385,0.16376659159520118,0.3770348949534145,-4.315490225660327
-0.42451170142461825,-1.0,-1.0,-0.4516382237990608,0.6730323914312446,0.17847074108017608,-2.6092019863463456
-0.3524634912702667,0.7419340298806673,0.7572754676041474,0.5294793542570884,1.0,-0.12982960782393138,-0.06835574775691883
0.9778007212991409,0.6114336985520716,1.0,0.39924673060834825,0.8675954866938018,1.0,-5.7322386930714515
0.3713484522408934,0.7914887060648644,0.010789533774770543,0.9252044953236302,-0.35106783959175836,-0.36191844921794136,1.4887370521278547
-0.454707771973726,0.3336921179279819,0.18602963784673898,0.007406476190384953,-1.0,1.0,1.385719952747087
0.9946648007515804,-0.7966061839856214,-0.863295105309504,-0.7766703196182895,0.5248345306776703,0.5245241445797689,-3.926895318339592
-0.38767355308373097,-1.0,-0.8600825356993922,-0.5809672775479086,-0.411733627767914,-1.0,2.7866521885582753
0.27408128171451096,-0.5437369535663829,0.40124168869604515,0.44363027001559474,-0.8870925042570356,1.0,4.468370405120224
0.006504808331028733,0.4510784513250051,-0.863896380998766,0.2463174719625731,0.5330283719860001,0.22408709534218652,1.1237466607845272
-0.9277357962391753,-0.1788523554117838,-0.4217045854894817,-0.2304350901539205,-0.27093926912843574,-1.0,2.645510965667762
-0.5944749980133891,0.45607526184422403,-0.9495063735715517,-1.0,1.0,0.016086508870359006,1.8397328684154777
-1.0,-0.602994629636503,-0.003843278458814159,-1.0,1.0,-0.6151552600641677,7.593603817708861
0.05305530666358366,-0.662122602660127,-0.8348800479586556,-0.6823609754841963,1.0,0.8286379599719396,-0.3693696388568506
-1.0,-0.45945445601130186,-0.7807227210561136,-0.9273636810495829,1.0,0.9235819438593773,4.696517146003833
-0.14600976886276884,-1.0,-1.0,-0.5062350175376102,-0.852936107117747,-0.5320547610453101,-0.97727901556323
0.9883270947328772,-0.5102865115141773,1.0,0.8577220166672516,-0.9337782895866584,-0.34763818157502846,6.253275094164768
-0.7740814780009746,-0.6798324554363175,-1.0,-1.0,-1.0,-0.05859617215924984,-1.2583443899276219
-0.29800546101424313,0.5500423104442563,0.8250642444198405,0.09278026076137402,-0.6173479207821002,-1.0,1.357186762074634
-0.11790480002627857,-1.0,-0.492610668092783,-1.0,0.18229094121853126,-0.39520577095340165,-0.7548427944138425
0.6849115827514609,-0.10980727456233064,1.0,0.9761184429676186,0.5488253900350576,-0.8243305510895768,-2.0213485354896217
1.0,0.9949802185959407,0.8413181429106686,1.0,-1.0,-0.49443832348239747,6.613319926106559
1.0,1.0,1.0,0.7336151933223416,-1.0,-0.5982967474847087,5.198730643926982
0.6928636715008216,1.0,-0.7097459902493837,0.34018980676922916,1.0,0.14953939287424467,-0.9234083681625485
-1.0,-0.7908051007803322,-0.635698967403301,-0.19984280821317946,-0.8662044968040686,0.5146953865700532,-2.4429654885351315
0.1364482163477676,0.5343044410933517,0.4599358299812475,1.0,-1.0,-1.0,4.476402132435363
-0.6563208935840779,-0.19087800250538156,-1.0,-0.3011120248601702,1.0,-0.3149544950410108,-0.3793111878965094
0.5197426550870148,0.6877127394742998,1.0,0.19857010538393915,0.19633155290747156,0.4777095034145944,-1.899320657617925
0.9675876768378526,0.1564324481549919,-0.40187289198695475,0.6752853494305925,-0.5071555693276061,-0.23693355051428863,1.7254978054903691
-0.29620556215398197,-0.39966615242623593,0.34064819196838525,-1.0,-1.0,-0.7394990376539954,4.1371207664823615
-0.09462918050807573,1.0,1.0,-0.55843533439886,0.25425531622169695,0.6489628208418199,-2.2007616482191255
0.8946733557441391,0.22056444113534956,0.4662992862034377,0.338668596888829,-0.6546687716564918,0.4729072813692998,1.8465612922938788
-1.0,0.5472919200194308,-0.6259177482395261,0.04422359262670894,-0.2612473484658421,0.20427837568937982,-0.47166943068011735
0.7467561610823524,1.0,1.0,0.0406666808808655,0.46912249884008117,1.0,-4.573737836247905
-0.08514794598841363,1.0,0.7061474242457898,1.0,-0.4387493890255496,0.18884870471821025,-1.050904130137669
1.0,-0.31743700633568867,-1.0,0.45347210016005035,-0.707664265394902,-0.5092376356068988,3.6352142121528126
0.6588300348441803,0.42222558390046827,0.08556872704951934,0.29452999363558663,0.030608589401824426,-1.0,4.437294671314375
1.0,1.0,0.08832515822053066,1.0,-0.14998225052923092,-1.0,7.917686834061764
1.0,1.0,1.0,1.0,-0.4113672039888036,1.0,-2.4011468854558706
-0.5091811042520833,0.042430073853435335,0.08858247763192492,-0.23239966526113676,1.0,1.0,4.470087740893085
0.6989905929072353,1.0,0.9263171845935327,0.8051395633541422,-0.10950765986549338,-1.0,1.0853801491485044
-0.2101091736715316,-0.11374350200485928,0.013879269399388772,0.3394175446428231,0.14387368616625928,-0.45596564961134534,0.055201990956027014
-1.0,-1.0,-0.7811353732939319,-1.0,-0.2996361851714018,-1.0,2.5708691000572967
0.6630624185348828,0.33609963455278913,-1.0,-1.0,-0.31697274591884406,-0.7395686902834676,0.32193199148752316
-1.0,-0.2641608678779954,0.29525823509063187,-1.0,-0.39929189875252125,-0.19765553688951187,-0.2941330933649053
-1.0,-0.9240654640868686,-0.23356068958508858,-1.0,0.027143606089185646,-0.7926119036929101,1.869183536416159
0.7210677750622262,1.0,0.2451682680080971,0.9813323662191261,1.0,0.06571058573753369,-2.4133006244387154
1.0,1.0,0.38345709638194503,1.0,-1.0,-0.30460534635843683,7.128188822447716
-0.16705813092410612,-0.7448314392161067,0.8844652336832626,-0.7167904263867116,-0.0066241318040954345,-1.0,5.326544940321123
0.707629230865376,0.9844427300805256,0.4057012720871507,1.0,0.22382357163310274,0.6169084329555473,-1.8191581582661023
-0.9383400478773336,-1.0,-1.0,-1.0,-0.9544463940938723,0.06808351096829135,-3.5877679292389963
-0.16666045586334277,0.08048455764140816,0.7534017028454999,0.6414764478739207,0.5177525982672453,-0.3782275567748399,0.5587720601104454
0.1183136834657349,0.7809217204136571,0.585892606665563,-0.8378831232293315,-1.0,1.0,6.836723108984885
-0.07284181618135266,-1.0,-0.048249283544309796,-1.0,0.06808262541405696,0.42669821761314736,-1.051125963646045
-1.0,-1.0,-1.0,-0.9974244888565889,1.0,-0.13868491385925175,-8.065690396262893
-0.2912913009681458,0.49129543228202993,0.574960584461498,-0.49938291959922126,-0.4245057508168685,0.9410906140242019,0.9544885547885065
-0.2517037373187148,-0.1401607287807869,-0.3856998404926293,0.47542900330240817,-0.807246797311864,-1.0,1.189078705926328
0.5600137780342982,0.513444080148972,-0.4750063528842615,-0.07309327720388051,0.7265324194678371,-0.04760582484407622,-0.8972551484702306
0.0011241887252118055,0.7923915503320342,-0.03267649025557445,-0.7945678691639215,0.8918671926014671,-1.0,1.0811773254560855
1.0,0.24163628457306185,-0.6198084766385084,0.9556171916253933,0.39229088723269817,0.027804746365103106,-1.2353281537423233
-1.0,-0.5714472037949803,-1.0,-0.7128817136398302,-1.0,-0.16815065922125538,-2.598782292735734
-0.538916693976505,-0.34587800826909687,0.04701181894866516,0.5803251151097405,0.037112723650558704,0.15319792012853317,-0.20489891671764482
-0.45267036071513234,0.6135749288909358,-0.5266036549675724,1.0,-1.0,-1.0,1.6902081264799462
-0.9491111881959505,0.03188528871457674,-0.21370090386477378,0.11526239903445523,-0.5560822207069613,-0.781774750805628,-0.3373707653311442
-0.034391791887676576,0.6206148003160876,-0.04044475075385448,1.0,-0.5811340461423636,0.31647737147678967,0.18828912404039116
1.0,1.0,1.0,0.9517571279584209,0.6208921098537461,-0.48216152409376634,-5.210069589954804
-0.15523182311419803,-0.9850695586960649,-1.0,-1.0,0.9134139803281718,1.0,-0.7429692900160131
0.09352543823341741,0.12317835783425357,1.0,1.0,-0.49685265867702105,-0.6541284527985429,0.8728315025839106
0.33458864677780853,0.11492207167842494,1.0,1.0,0.9695937800243316,0.15697584617598181,-3.3811986323091467
0.5816232215433054,0.1611330412579669,-1.0,-1.0,-1.0,-0.6985751406369671,1.4465825463164088
-0.25392767906803626,-1.0,-0.5145093058250197,-0.4744157509745939,0.7290891301366214,1.0,2.3236516752636387
0.0032244927934841905,-1.0,-1.0,-0.1763438278316647,-0.765561746611864,-0.8127854700875297,0.2838097593807688
-0.5124891670673537,-0.5952041088930666,-0.1671160886417571,-1.0,-0.57262876338288,0.418401811234569,0.5848915797420716
0.39517557142892906,0.6311494514398222,-0.4151415501364982,0.6203623262567436,1.0,0.2462415328389634,-1.0304878204030583
1.0,0.8549255672637421,-1.0,1.0,-0.6488916688203357,-0.5277386905850974,5.848979399453993
-0.4380886486658282,1.0,-0.3686088453835961,1.0,-0.8159908729965262,-1.0,4.430446063791464
-0.6172955385246476,0.4167117123051655,-1.0,-1.0,0.21068812215530186,0.6314486740843683,2.8962848926009106
0.8528563461158123,1.0,1.0,1.0,1.0,-1.0,-6.715513645564931
-1.0,0.0439141866327567,-0.05482332449770605,-0.18941719114080594,-0.9346670058965139,1.0,-0.07022338493283509
1.0,1.0,1.0,1.0,1.0,1.0,-10.221508138710739
-0.5859717163740495,0.2295905379909973,0.05765252782785191,-0.9652565940879294,1.0,0.07322604975423008,3.8464756140027982
-0.03171670906950497,0.3939147195112852,1.0,0.6251751062274502,-1.0,0.5818981193368273,-2.3997529192002083
0.34216646991200417,-0.11667899137520743,-0.6856367265158185,-1.0,1.0,-0.792938132910707,1.0011227101437363
0.27549192021336566,0.03710006353789841,0.3373407721144029,1.0,0.1871228367080382,-0.9374292473135268,2.577020114553717
0.7270656589347284,0.582801123000677,0.7624953617155878,0.5503429587441732,0.301809287880777,-0.2483903788462628,-0.7138650902215377
-0.5288218904908673,-1.0,-1.0,-0.13184068264554205,0.24167702750792386,-0.6373682732895455,-0.06783979941809948
0.40574844325570913,-0.13100368502888082,0.7294457737495971,1.0,-1.0,-1.0,5.057840745969575
-1.0,1.0,0.37842670345741236,1.0,-0.7707455437936787,-0.10013683297550657,-2.606745621112303
-1.0,0.42143790999464725,0.23379234645375613,0.8892852976129357,0.8429364515444371,1.0,4.6961693146601915
-0.8532195611368394,-0.45008939092581224,0.7730834078947851,-0.5484170986194341,-0.6468717846003526,-0.09007546044137829,-1.3228968576849385
0.8184997973709067,0.2508468689522143,0.8966354434702326,0.4918910068203093,-1.0,-0.6561510749064074,4.995477071002718
-0.897577984358844,0.32411503466183744,-1.0,-0.8326496168493212,-0.4394905667515175,1.0,8.407195070304521
-0.7844044188608726,-0.7693550787377217,0.6580000069153911,0.8957425949826767,0.27778151196349704,1.0,0.6730718636281147
-1.0,-0.3350582079020211,-0.6672330183901498,-0.6408275744318941,-0.31781318675901127,-0.24570453730676323,-0.4289961042898722
-0.448539088660012,-0.2898834962883645,-0.0655805910854721,-0.3750370931641158,-0.731324964935138,-0.3496657398004848,-0.3308620065676346
-0.44152508455265405,0.3250458507809758,-0.8851306575195839,-0.008553598315961919,-1.0,-0.3906485262759405,-1.7333877723459978
0.5842062232105085,1.0,-0.4233025373954873,0.2129077408652187,-0.41923037320037365,0.4433710110926907,3.8699345747758795
0.9203064026114138,0.582305891893609,1.0,-0.6259582993556768,0.3609241446596469,-1.0,-0.19734249031715742
-0.09720970524368508,0.5160611933086572,-0.7135115058564643,-0.13479145173580442,0.014608044968996037,-0.6083438969096436,-0.3050789826787746
0.28370109724560405,0.2944852779603739,0.41073093720772647,-0.7216857241447896,-0.2803086176332975,-1.0,1.8622090090219632
0.4497885107478132,-0.8666199449214863,-0.16837579714256218,1.0,-0.595222277335585,-1.0,5.138177863276969
-0.56486693433174,1.0,1.0,1.0,1.0,0.6399079851172635,-8.765792171666908
-0.02781139752875239,0.1244572855993659,-0.6801866534889586,0.12915411809686006,-0.9672979053393964,-0.7119144560390063,0.536953346564709
0.3701571146440885,0.8575138738993258,1.0,0.23820131618936058,0.597245352627125,-0.122669268323368,-2.703869839332233
-0.9144060355260326,0.8128153800443005,-0.419704559583958,1.0,0.046602770062314613,-0.614002012220243,0.5687807645166286
0.8332581066521527,1.0,0.596486886063816,0.5959673661186934,-0.06516259083803977,-0.7488873629277566,1.2215346768549173
-1.0,-0.8645077420837481,0.5370090965070758,0.026713177044097314,-0.2390743510771467,-1.0,3.6588572783596995
0.7875337437691659,0.8426996454342603,1.0,0.7965718232296706,-1.0,-1.0,4.985051359085627
-0.09036441781757037,-0.5120247440151288,-0.9501480094880227,0.2043168346745615,0.560261755456939,-0.6302923748758416,-0.5036526906708518
-0.31757049093021417,-1.0,-0.8134529515912904,-1.0,-1.0,-0.11229521781609371,1.4814316204764553
0.5823872728398988,1.0,-0.08346115632922246,1.0,-1.0,-0.3124399970757512,5.133996396409626
-0.386908805130602,-1.0,-1.0,-0.6149162015616025,0.7990478526963722,1.0,2.0938364599432004
1.0,0.9575789819686011,1.0,0.8851750817077276,0.2566440720216234,0.5673305445963701,-5.961241363594035
-0.4485351375704044,0.2871364373975843,-1.0,-1.0,-1.0,-0.386869527398751,-1.5318649273668494
-1.0,0.07044233024446386,-0.06923594956842494,0.44956153273567534,-0.729655880646555,-0.6553504697096845,-1.6973796762481648
0.2665963270267403,0.7845704743583056,-0.6194397943636013,1.0,-1.0,-1.0,5.89722728397952
-0.2820544135669226,-1.0,-0.7185433298841299,-1.0,1.0,0.18154302360771246,-3.0135654511652725
-0.766942182673801,-1.0,0.45567481454773373,-0.713015927098033,-0.17620907042125666,0.14920022687987655,0.22215175422943784
1.0,-0.9276852313725145,0.14830515953424217,0.7812662189662725,-1.0,-1.0,10.974200223710756
0.11268958368824422,-0.021391493921713856,-0.8300511123427206,-0.48176293835253164,1.0,1.0,5.221265797102995
1.0,1.0,0.036181526065327985,0.542833680461779,-0.3958744360720956,-1.0,6.301932194567903
0.9883096732054175,0.6932356947647489,0.22219373314682578,0.3032368544636799,1.0,0.399128574433806,-2.63550068790379
-0.8398376071186991,-1.0,-0.31331185003943596,-0.9573259176201483,-1.0,-0.3157846129230968,1.8980870318290708
-1.0,-0.14888729099584608,-0.07948141489046023,0.3912042499378494,-0.566097273250606,-0.4774233193576007,-0.5716431245077558
1.0,0.641288216076026,1.0,0.35256547298437635,0.8747029496442487,1.0,-5.284835809478372
0.32870031623632934,-0.27384623389148066,0.9485194428921868,-0.3899889379470504,0.561668074482389,-1.0,2.3303317489474575
-0.8399081211030508,-0.6563440101524516,-0.5118305814911843,-0.43275307263053153,-1.0,-0.7378330882680901,0.3702252562605848
-0.2016061382631842,-0.5746613163751365,-1.0,-0.7427746139647406,0.27572167391349456,-0.06407291175960575,-1.07522319837714
0.37617501483224935,1.0,1.0,1.0,-1.0,-0.15514662173847646,1.0927049674743166
-0.25191717664886937,-1.0,-0.4640540264813583,-0.5917134101016444,0.6403617571108356,-0.5290194352676816,0.97288638634763
0.33408025348761405,-0.47497610076644337,-0.041601896856534426,0.17308646271225675,1.0,0.7431434065406286,0.12095135308939253
0.7727707360442579,1.0,0.41072803765309673,0.7881789805137631,-0.024904142280818498,0.28253241023890463,-0.830572248431658
1.0,-0.12112036976751211,1.0,-0.6986084927831118,-0.36230061193121155,0.7073955561222034,-0.3824816533723086
-1.0,-1.0,-0.36575167727218405,-1.0,-0.03730757909979998,-0.3107292024801653,-1.3109770663798113
0.22727238093692093,-1.0,1.0,0.7082729053927013,-1.0,0.1111952855949836,3.968683582664514
-0.6447732475636161,-1.0,-1.0,-0.49128365478616476,0.630800663334095,-0.5133070122722472,-2.2806911420866687
-0.12718027447328878,0.29143433065342683,-0.04034611047438047,0.07456477562158426,-1.0,0.021195458138738132,-0.2976918086634125
0.5480231797155546,0.41164571894763813,0.926988869780279,0.7545958580606997,1.0,0.23878056225885394,-2.981239417455195
-0.4514660210548399,0.7792392800978907,0.871126829599603,0.9649302409390557,-0.48826737240554363,-1.0,1.4332644416705178
-1.0,0.1967600263922657,-1.0,-1.0,0.3881929154470731,-0.3717229403369389,-1.5035124404326168
-0.7367269007605204,0.17349495927076708,-1.0,0.5813297299011477,-1.0,0.2590825115684786,-2.2880402882907043
0.5884190063150249,0.6748129862998766,0.29075197636509686,1.0,-0.5173479946182084,0.14925299868900355,0.9684387057980564
-0.23778995600188935,-1.0,-0.2554058209471509,-0.12984668802090304,1.0,0.3373721068992408,-0.7606343000186029
-1.0,-1.0,-0.15449191653891237,-1.0,0.21972742414226332,1.0,-3.4845588655126907
0.7782266762461417,0.913403339589531,-0.033392970412779,0.3272088980962109,-0.9921836712215142,-0.1759059676403123,2.0881940025985015
-1.0,-1.0,-0.4015426347700501,-0.636716546364302,-0.08628032684751896,0.8891773748994931,-2.8691808555850593
-0.05727246410882203,-0.4580004426659886,-0.6925626341307678,-0.20862020405297976,-0.26978066407635604,0.19639859663539805,-0.07782189732088768
-1.0,-0.49642992018610266,-1.0,-1.0,0.3187738594458792,1.0,3.140424721735405
1.0,0.08836267584956814,0.8552279057248569,0.6593832317118644,-0.400898759006687,-0.021685868386907725,1.4467751415391987
1.0,0.7031161662669718,0.11519724192636849,0.8619796423137192,0.9671273829274691,-1.0,0.7151343639502671
0.3864759671742092,-0.02352513452104673,-0.9664217853384472,-1.0,0.36686844535965313,-1.0,1.211790823546711
-0.006458529277990288,-0.5381266328528143,-0.34025087823797795,-1.0,1.0,1.0,3.872309658248655
-0.478206589623558,-0.3300199744502892,-0.16086993919848286,0.18179424130301758,0.5893499667877993,0.9447014175348853,3.798860241551923
0.39925725281585556,0.5105787836471383,1.0,0.010690146369055187,0.32509030360159014,1.0,-2.4310415408303268
0.6038581573698675,-0.2349933462036634,-0.06919899214231978,-0.8912716802221138,-0.49426275923011387,0.29378469063859364,0.7564685173076203
-0.32108857871207874,-1.0,-1.0,-1.0,-0.36031557946080395,-1.0,2.863209564948346
-0.11880164079948186,-1.0,0.034771690065432126,-0.4295574280140019,0.2264552247322219,-1.0,5.520913897740917
1.0,1.0,1.0,0.6742938712952238,0.1586386841087819,-0.18988153643290262,-2.679602860320618
-0.8299184329633875,-0.30990269495463896,-0.28653395977862284,0.4166814492480355,-0.44953463223670287,0.30744395306785194,-1.2590787278394777
-0.17328986591287032,-1.0,0.08154462464384116,-1.0,-0.45438125226226744,-1.0,6.587165619519811
-1.0,0.12963540408390184,-0.5237642319390656,-0.23597370705446186,1.0,0.5275543432669229,2.241916497398796
0.6965300067525456,-0.41382055245614835,-0.0005147332404680793,0.6013724709175647,-0.582257056569428,-0.06966307021054696,0.6784954783496823
-0.5383049489400616,-0.5861852118228675,-0.7394955355918216,-0.21096073416534966,0.5897399542400927,1.0,4.5768641447037055
0.37573576883365645,0.21714140833138562,0.06309479605114277,1.0,1.0,1.0,4.352922315128346
-1.0,-0.8356532329962734,-0.25400150412864764,-0.08218994702962035,-1.0,-0.588085830189039,-0.23716532214426156
-1.0,-1.0,-0.32448311878018177,-1.0,-0.8544551219170183,0.7215024515076846,-1.9510942167765146
-0.6805548262206622,-1.0,-0.2463230967779486,0.13638690579608098,-0.32501185871667737,0.6482887223537375,-0.5904510322317815
0.5159943754700284,-0.16695862702865594,1.0,1.0,-0.10381219205638266,-0.6964669253212241,0.06859720625952198
-1.0,-1.0,-0.6024660280701328,0.7814677338227348,-1.0,-0.6922931473708223,-3.615084375957631
1.0,1.0,0.336015150354001,-1.0,1.0,1.0,4.91879620951823
-0.9049552318357792,-1.0,0.25618179422984666,-1.0,-0.7578363567561188,-1.0,6.323105129520458
1.0,-0.4386536837844781,0.990196534512878,-0.468910193430654,0.4465132545796279,0.14413016892058406,-2.2339771144712945
1.0,0.5705834496026995,1.0,-0.4292798192902504,-1.0,0.7437310577108328,3.2166913739316585
-1.0,-0.9367561512740284,-1.0,-0.14056811303551348,0.9151431889382168,-0.3244813505817733,-3.970658321009206
-0.06293953167326205,-1.0,1.0,-0.24985958295674338,0.46503632092123626,-0.15530957850310423,2.19052174878959
1.0,-0.9561652433641816,-0.4222432733053281,0.5098748313882099,-1.0,-0.6914105357101138,6.247223049088202
-0.9695362805791974,-1.0,1.0,0.464737728347769,-1.0,-1.0,1.2471331817547917
-1.0,1.0,1.0,-0.705742682118636,1.0,0.41825052153584313,-3.306189867270352
-0.5862228270375893,-0.42420200501945826,-0.33179552270581003,-0.947216645454521,-0.5913103737310879,-0.6829684440904982,1.205566644042047
0.6814812716929046,1.0,0.6830764653707513,1.0,1.0,-0.341143212314597,-3.771189658824663
-0.7356342287196849,-0.6029623703840511,-0.021378417347981293,0.10854652128648945,-1.0,-1.0,0.2419387440730031
0.6620885084759011,-0.35084448806758606,-0.18902173760667818,-0.5492012406273957,1.0,1.0,1.4912770058086093
-0.1792367332686785,-0.6328115776239991,-0.8742575914811004,-1.0,-1.0,-1.0,3.4520269257193474
-0.18594780619588813,1.0,1.0,-0.14798043728247667,1.0,1.0,-0.052237920724164305
-1.0,-0.20041503526033977,-0.46466903905028456,-1.0,0.11502809374993919,-0.5363602713383459,1.0244457940831164
0.17215434690694909,0.15703530543973998,0.2513349331444039,1.0,-1.0,-0.5472848000068943,1.2606538676883687
-1.0,-1.0,-1.0,-1.0,0.2040243527430186,-0.036785442831187204,-6.810833931393369
-0.5747952573634861,0.25531228726728683,-0.9542212002847796,1.0,1.0,0.43710481277595026,0.38967960270853863
0.985809771822606,0.8521025667278039,1.0,0.015856787911174286,-1.0,-0.1499322958812216,2.3154169914307414
-0.06919696389913418,-0.5174782142306182,0.8820359710737817,0.31762411537921353,-0.49406571311208514,0.684784405057703,-0.343342002030551
-0.0004840062890214547,-0.8338632230394694,0.22275996226202976,-0.7254013672162785,0.915808630889642,-0.05363259790509267,1.0760125260751956
-1.0,-0.9568686995619241,-0.45113097167634697,-1.0,0.1708497356080707,1.0,-2.982230666447116
-0.9018309807500049,-0.3902101053278902,-0.25375491749386947,0.006650506093413666,-0.21954872724969943,0.16322065299971367,-0.6256451202434764
0.8073529173083406,-0.45069524441184877,-0.3375272778488187,0.8319598531332937,0.009392656578506298,0.11332748804286619,-0.32428623637016696
0.32432841132674073,0.27260218659046376,1.0,0.1552250419963757,0.07891979930512788,-1.0,2.152131325978392
1.0,-0.1629137391592263,0.9927537257200947,1.0,-0.20569903047721405,1.0,-0.9721887573899587
0.15290399169040575,0.14013994588822476,0.777713698199782,-0.22074771061791953,-0.05302197404573551,1.0,0.1404963804750643
-1.0,-0.5623620714666704,-0.4641350067113197,-0.7893125632133124,-1.0,-0.5472593575936822,-0.5171032343141345
1.0,0.20069610328937026,0.565527778303763,1.0,0.9550809566176471,0.2608444820662965,-3.6651358657210134
-0.8796430773696788,-1.0,0.8381644533133821,0.35162453472793664,0.29346745592068524,0.20934905560503725,1.7287004474469212
0.8391191878120613,-0.4807677306554421,-0.2918527430512321,-1.0,0.23820765958241696,0.15223294216249106,-1.0127262282561773
-0.47068495122676446,-0.7962146025018236,0.4270096231003737,-0.07048207286440944,-1.0,-0.11798128140659914,0.3930915223123528
0.6936993194114804,-0.6140891497987818,-0.9562331948470714,-0.38508502034718195,-0.09737462861388801,0.9844142943507872,3.0937627413962994
1.0,1.0,0.716411622402982,1.0,0.3601485907160972,-1.0,1.5873815101068731
0.07271606812614106,0.6702530595217162,0.9607127429131266,0.26614655993025793,1.0,0.3968576328215552,-2.3753154150344993
1.0,0.20272460637809298,-0.42227850334970773,0.2988146001060952,0.8000545839530907,-0.5729613946338666,-2.250940794856495
0.8173287963242158,-0.7033857301269956,-0.624117802831293,0.2916133485410757,-1.0,-1.0,6.202898577311516
0.8325587614660337,-1.0,-1.0,-0.40976179473728136,1.0,1.0,-3.728452720335846
-0.6158280128578828,-1.0,-0.4737599607784262,-0.7755683103330391,1.0,0.626412442680423,-0.23309152616314943
1.0,0.4703149455766831,1.0,1.0,-0.0951071094346618,-0.660542329058271,1.698084285758826
0.46114695474380374,-1.0,0.38816364916455987,1.0,-0.3611053800539993,0.34134299593961925,2.2804272335105704
-0.3838802551919739,0.4656516683908617,0.5251479001727031,-0.7506631077710343,-0.39552804347705983,-0.25873174714383057,0.08808969855389881
-0.757215394084456,-0.3427756048878152,-1.0,-0.12598241087377038,-0.8800784298885966,0.09653078937299175,-3.1130150627818325
0.09313544475077307,0.10016565556842938,0.22335289351196141,-0.24266542922739576,-1.0,0.4511163091027097,0.3983379299301417
-1.0,-1.0,-0.630041588686101,-1.0,-0.33307161185216483,-0.5069325041246628,-2.2968047668433975
-1.0,-1.0,0.1265430015902177,-1.0,0.17158441309739864,1.0,-3.515375927451627
-0.848370791001965,-1.0,-0.3120667281143335,-0.5807194673295976,0.029123937927177837,1.0,-1.4766059099601274
0.7306609084458541,-0.2727680121784992,0.8684095531310357,0.42397231093435145,0.21041193930739344,-0.6334698358549495,0.594391264553348
1.0,-0.312064166999535,-0.3609975433610585,-0.5247460893932893,-0.2552397341558444,0.6018847306790341,1.0744615956252288
0.4979213935210415,-0.639650949207941,0.21424522767944754,-1.0,-0.2884562549764382,-0.36443697894037574,2.3561846926029975
0.048503615180486515,0.9376224772653345,1.0,0.7366547664076988,1.0,1.0,-3.5109576342319326
-1.0,-1.0,-1.0,-0.981553373564457,1.0,0.26703838639877575,-7.701933848598849
-0.48669403194489314,-1.0,-0.4167651049432375,-1.0,-1.0,-0.3347744656073106,3.497724257822793
1.0,-1.0,-0.666925247834328,0.9535840982411955,0.5696731404908082,-0.16790138074264593,-3.502769913044331
-0.5864596616453992,-1.0,-1.0,-1.0,-0.7822279382774645,-0.7292336001635009,0.79257218454907
-1.0,-1.0,0.6416614129711037,-1.0,1.0,0.056272778057245926,2.2439473919948383
-0.4143082539338703,-1.0,-1.0,0.5292742512551069,-0.5443391050525367,1.0,4.373891401075636
-0.24598359069151032,-0.9063155880019214,0.2771871375168125,1.0,0.1322053448114402,0.25535369010582665,0.6705782272364219
1.0,0.624779609820037,0.19456373687277595,0.9087320815974209,-0.29497170572025194,0.646503766111629,2.008761283659088
-1.0,-1.0,-1.0,-0.23250374643581362,0.02822980824228344,1.0,2.5556446381828226
-1.0,-0.2518804648084063,-0.42524621642275306,-1.0,0.7920300154533788,0.7229731520078007,3.191644127408529
-0.7767371897316422,-0.8051486146175706,-0.3633988528021177,-0.5261519449834529,0.7583577256086107,-0.7716868915999757,3.937074669061088
-0.6346408306965282,-0.561211840834875,-0.6175013554922502,-0.43729193821377377,-0.6271599573168132,-1.0,2.013226212383149
1.0,-0.17277908135262243,-0.5620293495478037,-0.2508742301303948,0.2610054742745885,-0.6635560947605176,-0.15117821216000704
-1.0,-1.0,-1.0,-0.6482026208916435,0.474447017524676,0.08261388888275328,-5.670085586672011
-0.8653966397081854,-0.5739391939378438,1.0,0.12587719250271467,0.6681278777592843,1.0,-1.4139050346407513
0.46049426356433804,-0.12829907967803028,-0.8804429459142036,0.3982174247969671,-0.8569337620979325,0.281944863272119,2.0211908306667845
0.4941383375925583,-0.5372222115479004,0.3909047842817538,0.42366218453893534,1.0,0.8466681325643894,-0.5814096348165987
0.42366460903140846,-0.24379333593435648,0.5127741640992303,-0.8393851664815324,-1.0,-0.6369718004572588,4.277362994919338
-0.027551100108112625,1.0,-0.13928936340694248,0.9039126483148947,1.0,-0.3554259421963082,-0.27003490818735343
-0.318364742936457,1.0,-1.0,-1.0,1.0,0.3482086145515759,6.310695261623116
0.04467491254366493,-0.7873116258537004,-0.2654027086971271,0.9594674737078159,1.0,1.0,3.9085549376484634
1.0,-0.08646454790254582,0.7972767167642353,1.0,-1.0,0.7381286279193541,3.158917320788653
0.11130843308365418,0.2133379808283034,-0.5833553873506242,-0.3298528162389911,-0.5580263860176579,-0.42565257630792963,-0.2047839280198748
0.7560413141953477,1.0,1.0,0.8356371248933021,0.16292704710117012,0.7466299128619865,-5.232491044635951
-0.1946374929836997,0.362965806362678,0.7295202431155692,-1.0,-0.4287230895927321,-0.06276315364497259,-0.7264554600081302
1.0,1.0,0.6637864759485379,1.0,-0.0057430437426311265,0.3955476008957214,-1.7705430919984388
-0.3976407253984111,0.7886662278650474,-0.5190074841582677,-1.0,0.005499403123639057,0.40179078825894887,1.615495213609366
-1.0,-1.0,-0.6665968446079432,-1.0,0.019812378092197824,-0.31636687175634615,-2.7224278780900453
0.15672970979686807,0.8555060012113129,0.2535178124921249,0.8086842356218737,0.32208949817584925,0.39067065634769305,-0.5095964290216437
-0.6101184612668122,0.4653671885293923,-0.6971639291664316,0.030139399376712034,0.7998909848934633,-0.3154825121360616,0.24964164873414618
-0.33335823065683745,-0.44247516891635413,0.05202092589407578,1.0,-1.0,0.14323917957145188,0.2944397811414418
0.9785199711818451,1.0,0.21105735586915542,0.46967448727552474,-0.913206713654581,-1.0,6.668918619110356
1.0,-0.2881239595273104,0.1966650307324557,-0.8713601562933622,0.4911791422844045,-0.33318566994858856,-0.21632956894740435
-0.09980066746884435,-0.9461082496266624,-0.6268047701135439,-1.0,1.0,1.0,0.1635436973960189
0.6289228943785552,0.11507426328590686,1.0,-0.5097565070096972,-0.15362627651283828,-0.12665865560957446,-0.10869691054152697
1.0,1.0,1.0,-0.4176744518393013,1.0,0.5551517227235288,-3.618490599316824
-0.7478686971129009,-1.0,-0.4524918115833829,-0.5626141792890994,-0.045875336113988974,-0.3114938372589299,-0.757368592619752
-0.3422303028974747,-0.6870933478660048,-0.3688030881742553,0.4035480247467522,1.0,1.0,5.108752077216299
0.5899655437658207,0.36390703924351264,1.0,-0.21186788952047014,0.731126469809322,0.34760937978975104,-2.690559000336796
-0.6505301259913527,-0.7761888064731106,-0.6727071686774488,-0.037274364438084184,0.3998247046264728,0.15556917071545717,0.022117993549967574
-0.0806857783085807,-0.9190449008154014,-0.5954179357345091,-1.0,-0.25051025736714994,-0.2257512462329334,-0.25366799597805173
-0.3486973642983348,-1.0,-1.0,1.0,-1.0,0.19911574575090818,-3.5852404263349458
0.5083372727197764,1.0,1.0,1.0,1.0,1.0,-7.425515513724163
-0.41972843712085967,0.38197302798921007,0.19526939094365942,-0.293827149323279,-1.0,-1.0,-0.6653361669398975
-0.11702845536809625,-0.07101082138136539,-1.0,-1.0,1.0,-1.0,2.983728557344041
0.598451156218043,1.0,1.0,0.14647211444756825,-1.0,-0.5879262565555251,0.2286584887921554
1.0,-1.0,-0.9821000033329933,0.3894404427004797,0.18963417035208352,-0.13916937005438385,-2.2617397667761563
-1.0,-0.2581010357934298,1.0,0.6919116985826976,1.0,-0.00418781304309257,-0.09187637667859028
-0.18232788301941572,-0.3805819013009733,0.17587127061513752,-0.18120438577855524,-0.8352029529682159,-1.0,2.372706448218746
0.5728416833887324,0.709433620201367,-0.35888589408119,0.2531798379331106,-0.5749030200013354,0.5021012657269573,2.3948697328752426
-0.4683463716286702,-0.9350646026205869,-1.0,-1.0,0.3622288331781063,-0.015355065189102957,-4.736308663881215
-1.0,-0.5369291864400809,-0.5914700369440051,-0.6968297153493024,1.0,1.0,5.134495189617067
-0.7080617283339307,-1.0,-1.0,-0.3519673098251216,0.495796548475789,0.8609388522250307,0.6150036895797615
-0.1804079015349156,-0.8029023812104676,-1.0,-1.0,-0.14887144078728737,0.8130004329917404,-0.6427567555415993
1.0,0.14033689218559742,1.0,1.0,-0.7408723145576549,0.2050269169155698,2.4284361034026998
-0.6131610570337394,-1.0,-0.5442535465172387,-0.8128750001240272,0.9385180492621388,-0.257480963454206,-0.2452718767334547
0.04091792831321772,1.0,1.0,1.0,-0.13514146785623826,0.26799852670525315,-3.9241958404568744
-1.0,-0.26044081441832967,-1.0,-0.06309570586917945,-1.0,-1.0,1.5210671695224576
0.46908229065952334,1.0,0.04648852118786495,0.962673407344218,1.0,1.0,2.3198910916470075
-0.3569217382820359,-0.6570325418650022,0.37586128433766725,-1.0,0.16659485031139964,-0.1288658551964399,0.5848695096552354
-1.0,-1.0,0.037923907830557546,-0.7527066492737045,-0.5704785106000763,-0.46097574248519924,1.9070169347153965
0.1107695027181965,-0.14163865622596616,-0.15348185622728622,-0.5937138579183767,-0.5572105832154555,0.3739133410283273,-0.47550749996637
-0.23009735202444734,-0.05936323459851117,-0.2276563172424586,-1.0,-1.0,-1.0,2.492855971505905
0.9249387698253497,1.0,0.0599587469122575,1.0,1.0,0.48379462433326675,-2.307664627017048
0.7047164193775766,-0.02927375788406833,-0.6988861022412742,-0.3702602012645635,0.13494985330694487,0.09299990188946128,-1.3129487034036962
-1.0,-0.6386292047958004,-1.0,0.008281925737681162,-0.8854173011044743,1.0,2.5066409790090267
0.7929922186626677,0.8126609183465188,-0.4988207056866265,1.0,1.0,0.12861910450533154,-1.2357580341458043
0.254668300566286,0.8954472762601882,0.35297083479399305,1.0,-1.0,0.7868812820883345,1.357794372203883
-0.5718892727697765,-0.37901689188980614,-0.2400795916281528,-0.2247260649918591,0.5525554447381416,0.5450646276602857,2.0318897002373526
0.8646418550346054,0.40388713899383766,0.4508106656274794,1.0,-0.016230976477561887,-0.5107330547699213,1.8310137379961169
-0.19135835025756132,0.1974337785113809,-0.1811635092373297,-0.2594926344907551,-0.5683562907274202,-1.0,1.4189619336694406
0.3163272227312399,1.0,0.9424310396344292,0.21290253148665816,-1.0,-1.0,-0.48799675135649695
